"ladder","rung","seed","capped","last_EM_iteration","stopped_by_criterion","continued_classical","missed","cell","last_improvement","gap_LL","log_line"
"blocked","moderate",1,FALSE,28,TRUE,TRUE,FALSE,"moderate|seed1",6.542893e-06,-2.917992e-05,895
"blocked","moderate",2,FALSE,25,TRUE,TRUE,FALSE,"moderate|seed2",7.987167e-06,-1.678683e-05,1887
"blocked","moderate",3,FALSE,47,TRUE,TRUE,FALSE,"moderate|seed3",6.009403e-06,-1.955959e-05,3039
"blocked","moderate",4,FALSE,41,TRUE,TRUE,FALSE,"moderate|seed4",6.82835e-06,-3.203885e-05,4128
"blocked","moderate",5,FALSE,30,TRUE,TRUE,FALSE,"moderate|seed5",6.931324e-06,-2.137565e-05,5164
"blocked","moderate",6,FALSE,35,TRUE,TRUE,FALSE,"moderate|seed6",4.272714e-06,-1.055946e-05,6229
"blocked","moderate",7,FALSE,46,TRUE,TRUE,FALSE,"moderate|seed7",7.688026e-06,-4.485721e-05,7339
"blocked","moderate",8,TRUE,100,FALSE,FALSE,FALSE,"moderate|seed8",0.000797508,-0.002946677,8719
"blocked","moderate",9,FALSE,41,TRUE,TRUE,FALSE,"moderate|seed9",9.623448e-06,-2.186658e-05,9710
"blocked","moderate",10,FALSE,35,TRUE,TRUE,FALSE,"moderate|seed10",8.373594e-06,-3.164622e-05,10758
"blocked","hard",1,TRUE,100,FALSE,FALSE,TRUE,"hard|seed1",0.8612755,-4.463014,12170
"blocked","hard",2,TRUE,100,FALSE,FALSE,TRUE,"hard|seed2",0.001507975,-4.050601,13485
"blocked","hard",3,FALSE,74,TRUE,TRUE,FALSE,"hard|seed3",9.538016e-06,-5.470681e-05,14671
"blocked","hard",4,TRUE,100,FALSE,FALSE,FALSE,"hard|seed4",1.440492e-05,-0.0001787232,16097
"blocked","hard",5,TRUE,100,FALSE,FALSE,TRUE,"hard|seed5",0.001279288,-4.559503,17413
"blocked","hard",6,TRUE,100,FALSE,FALSE,TRUE,"hard|seed6",8.480663e-05,-8.36375,18731
"blocked","hard",7,FALSE,55,TRUE,TRUE,FALSE,"hard|seed7",9.311106e-06,-7.920026e-05,19823
"blocked","hard",8,TRUE,100,FALSE,FALSE,TRUE,"hard|seed8",0.008666834,-2.227808,21251
"blocked","hard",9,TRUE,100,FALSE,FALSE,TRUE,"hard|seed9",0.001664858,-1.823904,22567
"blocked","hard",10,TRUE,100,FALSE,FALSE,TRUE,"hard|seed10",0.003320718,-9.630177,23884
"blocked","very_hard",1,TRUE,100,FALSE,FALSE,TRUE,"very_hard|seed1",0.0006257767,-5.029018,25200
"blocked","very_hard",2,FALSE,91,TRUE,TRUE,FALSE,"very_hard|seed2",9.87133e-06,-0.2681553,26471
"blocked","very_hard",3,FALSE,69,TRUE,TRUE,FALSE,"very_hard|seed3",7.721409e-06,-0.000262794,27743
"blocked","very_hard",4,TRUE,100,FALSE,FALSE,FALSE,"very_hard|seed4",1.112258e-05,-0.1313128,29318
"blocked","very_hard",5,FALSE,61,TRUE,TRUE,TRUE,"very_hard|seed5",9.053013e-06,-3.281626,30440
"blocked","very_hard",6,TRUE,100,FALSE,FALSE,TRUE,"very_hard|seed6",0.001435317,-3.133826,31871
"blocked","very_hard",7,TRUE,100,FALSE,FALSE,TRUE,"very_hard|seed7",0.0005811761,-1.242334,33191
"blocked","very_hard",8,TRUE,100,FALSE,FALSE,TRUE,"very_hard|seed8",0.005591661,-2.219638,34506
"blocked","very_hard",9,TRUE,99,TRUE,FALSE,TRUE,"very_hard|seed9",9.885766e-06,-9.406267,35822
"blocked","very_hard",10,TRUE,100,FALSE,FALSE,FALSE,"very_hard|seed10",0.01464183,-0.3393384,37147
"randomised","moderate",1,TRUE,100,FALSE,FALSE,TRUE,"moderate|seed1",0.003215606,-0.736199,1179
"randomised","moderate",2,TRUE,100,FALSE,FALSE,TRUE,"moderate|seed2",0.0003075648,-4.85326,2397
"randomised","moderate",3,TRUE,100,FALSE,FALSE,TRUE,"moderate|seed3",0.01625421,-5.113076,3569
"randomised","moderate",4,FALSE,49,TRUE,TRUE,FALSE,"moderate|seed4",9.907503e-06,-6.223742e-05,4529
"randomised","moderate",5,FALSE,65,TRUE,TRUE,FALSE,"moderate|seed5",8.937906e-06,-2.389519e-05,5547
"randomised","hard",1,TRUE,100,FALSE,FALSE,TRUE,"hard|seed1",0.001300504,-2.7405,6934
"randomised","hard",2,TRUE,100,FALSE,FALSE,TRUE,"hard|seed2",0.001897162,-10.58981,8235
"randomised","hard",3,TRUE,100,FALSE,FALSE,TRUE,"hard|seed3",0.01190668,-3.424208,9515
"randomised","hard",4,TRUE,100,FALSE,FALSE,FALSE,"hard|seed4",0.0005635599,-0.006863223,10794
"randomised","hard",5,TRUE,100,FALSE,FALSE,FALSE,"hard|seed5",0.008748491,-0.1106635,12089
"randomised","very_hard",1,TRUE,100,FALSE,FALSE,TRUE,"very_hard|seed1",0.001530702,-1.553304,13380
"randomised","very_hard",2,TRUE,100,FALSE,FALSE,TRUE,"very_hard|seed2",0.01951106,-4.212264,14704
"randomised","very_hard",3,TRUE,100,FALSE,FALSE,TRUE,"very_hard|seed3",0.01564594,-12.95258,16013
"randomised","very_hard",4,TRUE,100,FALSE,FALSE,TRUE,"very_hard|seed4",0.001441817,-2.452983,17291
"randomised","very_hard",5,TRUE,100,FALSE,FALSE,TRUE,"very_hard|seed5",0.002873828,-3.375817,18611
"randomised","hard_corr",1,TRUE,100,FALSE,FALSE,TRUE,"hard_corr|seed1",0.008123311,-8.466033,19941
"randomised","hard_corr",2,TRUE,100,FALSE,FALSE,TRUE,"hard_corr|seed2",0.003859012,-8.886449,21273
"randomised","hard_corr",3,TRUE,100,FALSE,FALSE,TRUE,"hard_corr|seed3",0.1051103,-4.322606,22575
"randomised","hard_corr",4,TRUE,100,FALSE,FALSE,TRUE,"hard_corr|seed4",0.001817335,-18.9325,23888
"randomised","hard_corr",5,TRUE,100,FALSE,FALSE,TRUE,"hard_corr|seed5",0.2388173,-10.1584,25203
