"cell","arm","LL","gap","miss","secs","note","starts_secs","fit_secs","cov_secs","LL_fits","search_secs","stages","cand_stages"
"hard|seed1","ladder:klue_ml",-3168.965,0,FALSE,3.1,"",NA,NA,NA,NA,NA,NA,NA
"hard|seed1","ladder:apollo_searchStart",-3168.965,0,FALSE,4547.5,"",NA,NA,NA,NA,NA,NA,NA
"hard|seed1","ladder:apollo_clust",-3168.965,0,FALSE,63.6,"",NA,NA,NA,NA,NA,NA,NA
"hard|seed1","ladder:apollo_ss_published",-3168.965,0,FALSE,31.1,"",NA,NA,NA,NA,NA,NA,NA
"hard|seed1","chk",-3168.965,0,FALSE,3.6,"",NA,NA,NA,NA,NA,NA,NA
"hard|seed1","A0",-3219.091,-50.126,TRUE,4.8,"",NA,NA,NA,NA,NA,NA,NA
"hard|seed1","A4",-3192.007,-23.042,TRUE,3.9,"",NA,NA,NA,NA,NA,NA,NA
"hard|seed1","A1",-3168.965,0,FALSE,954.4,"",NA,NA,NA,NA,NA,NA,NA
"hard|seed1","A3",-3186.789,-17.824,TRUE,929.3,"",NA,NA,NA,NA,NA,NA,NA
"hard|seed1","A2",-3168.965,0,FALSE,5180.7,"",NA,NA,NA,NA,NA,NA,NA
"hard|seed1","A5",-3168.965,0,FALSE,697.8,"",NA,NA,NA,NA,682.2,5,500
"hard|seed1","A6",-3168.965,0,FALSE,29.1,"",0.4,15.5,13,-3168.965,NA,NA,NA
"hard|seed2","ladder:klue_ml",-3087.771,0,FALSE,2.9,"",NA,NA,NA,NA,NA,NA,NA
"hard|seed2","ladder:apollo_searchStart",-3087.771,0,FALSE,5101.5,"",NA,NA,NA,NA,NA,NA,NA
"hard|seed2","ladder:apollo_clust",-3087.771,0,FALSE,77.2,"",NA,NA,NA,NA,NA,NA,NA
"hard|seed2","ladder:apollo_ss_published",-3087.771,0,FALSE,30.6,"",NA,NA,NA,NA,NA,NA,NA
"hard|seed2","chk",-3087.771,0,FALSE,3.5,"",NA,NA,NA,NA,NA,NA,NA
"hard|seed2","A0",-3107.234,-19.463,TRUE,5.3,"",NA,NA,NA,NA,NA,NA,NA
"hard|seed2","A4",-3091.008,-3.238,TRUE,14.4,"",NA,NA,NA,NA,NA,NA,NA
"hard|seed2","A1",-3087.771,0,FALSE,941.3,"",NA,NA,NA,NA,NA,NA,NA
"hard|seed2","A3",-3100.189,-12.418,TRUE,913.9,"",NA,NA,NA,NA,NA,NA,NA
"hard|seed2","A2",-3087.771,0,FALSE,5046.9,"",NA,NA,NA,NA,NA,NA,NA
"hard|seed2","A5",-3087.771,0,FALSE,667.5,"",NA,NA,NA,NA,652,5,497
"hard|seed2","A6",-3087.771,0,FALSE,31,"",0.3,18.1,12.6,-3087.771,NA,NA,NA
"hard|seed3","ladder:klue_ml",-3124.605,0,FALSE,2.8,"",NA,NA,NA,NA,NA,NA,NA
"hard|seed3","ladder:apollo_searchStart",-3124.605,0,FALSE,4660.1,"",NA,NA,NA,NA,NA,NA,NA
"hard|seed3","ladder:apollo_clust",-3124.605,0,FALSE,72.8,"",NA,NA,NA,NA,NA,NA,NA
"hard|seed3","ladder:apollo_ss_published",-3135.126,-10.521,TRUE,30.7,"",NA,NA,NA,NA,NA,NA,NA
"hard|seed3","chk",-3124.605,0,FALSE,3.6,"",NA,NA,NA,NA,NA,NA,NA
"hard|seed3","A0",-3199.212,-74.607,TRUE,2.1,"",NA,NA,NA,NA,NA,NA,NA
"hard|seed3","A4",-3129.751,-5.146,TRUE,13.2,"",NA,NA,NA,NA,NA,NA,NA
"hard|seed3","A1",-3124.605,0,FALSE,653.5,"",NA,NA,NA,NA,NA,NA,NA
"hard|seed3","A3",-3134.974,-10.369,TRUE,931,"",NA,NA,NA,NA,NA,NA,NA
"hard|seed3","A2",-3124.605,0,FALSE,5169.9,"",NA,NA,NA,NA,NA,NA,NA
"hard|seed3","A5",-3124.605,0,FALSE,655.7,"",NA,NA,NA,NA,640.1,5,500
"hard|seed3","A6",-3124.605,0,FALSE,26.1,"",0.3,13,12.8,-3124.605,NA,NA,NA
"hard|seed4","ladder:klue_ml",-3175.389,0,FALSE,2.9,"",NA,NA,NA,NA,NA,NA,NA
"hard|seed4","ladder:apollo_searchStart",-3175.389,0,FALSE,4675.3,"",NA,NA,NA,NA,NA,NA,NA
"hard|seed4","ladder:apollo_clust",-3175.389,0,FALSE,75.5,"",NA,NA,NA,NA,NA,NA,NA
"hard|seed4","ladder:apollo_ss_published",-3177.044,-1.655,TRUE,31,"",NA,NA,NA,NA,NA,NA,NA
"hard|seed4","chk",-3175.389,0,FALSE,3.3,"",NA,NA,NA,NA,NA,NA,NA
"hard|seed4","A0",-3196.955,-21.566,TRUE,2.9,"",NA,NA,NA,NA,NA,NA,NA
"hard|seed4","A4",-3177.044,-1.655,TRUE,12.9,"",NA,NA,NA,NA,NA,NA,NA
"hard|seed4","A1",-3175.389,0,FALSE,938.6,"",NA,NA,NA,NA,NA,NA,NA
"hard|seed4","A3",-3178.459,-3.07,TRUE,801.6,"",NA,NA,NA,NA,NA,NA,NA
"hard|seed4","A2",-3175.389,0,FALSE,5024.5,"",NA,NA,NA,NA,NA,NA,NA
"hard|seed4","A5",-3175.389,0,FALSE,643.1,"",NA,NA,NA,NA,628.3,5,500
"hard|seed4","A6",-3175.389,0,FALSE,27.4,"",0.3,14.9,12.2,-3175.389,NA,NA,NA
"hard|seed5","ladder:klue_ml",-3124.132,-0.984,TRUE,3.3,"",NA,NA,NA,NA,NA,NA,NA
"hard|seed5","ladder:apollo_searchStart",-3125.204,-2.057,TRUE,4679.4,"",NA,NA,NA,NA,NA,NA,NA
"hard|seed5","ladder:apollo_clust",-3123.148,0,FALSE,75.7,"",NA,NA,NA,NA,NA,NA,NA
"hard|seed5","ladder:apollo_ss_published",-3125.204,-2.057,TRUE,31,"",NA,NA,NA,NA,NA,NA,NA
"hard|seed5","chk",-3124.132,-0.984,TRUE,3.5,"",NA,NA,NA,NA,NA,NA,NA
"hard|seed5","A0",-3177.938,-54.79,TRUE,3.3,"",NA,NA,NA,NA,NA,NA,NA
"hard|seed5","A4",-3133.294,-10.147,TRUE,2.9,"",NA,NA,NA,NA,NA,NA,NA
"hard|seed5","A1",-3125.204,-2.057,TRUE,942.3,"",NA,NA,NA,NA,NA,NA,NA
"hard|seed5","A3",-3128.267,-5.119,TRUE,798.1,"",NA,NA,NA,NA,NA,NA,NA
"hard|seed5","A2",-3123.148,0,FALSE,4926.4,"",NA,NA,NA,NA,NA,NA,NA
"hard|seed5","A5",-3125.204,-2.057,TRUE,629.1,"",NA,NA,NA,NA,614.5,5,498
"hard|seed5","A6",-3123.148,0,FALSE,17.7,"",0.3,16.5,0.9,-3123.148,NA,NA,NA
"very_hard|seed1","ladder:klue_ml",-3212.698,0,FALSE,3.4,"",NA,NA,NA,NA,NA,NA,NA
"very_hard|seed1","ladder:apollo_searchStart",-3212.698,0,FALSE,4542.1,"",NA,NA,NA,NA,NA,NA,NA
"very_hard|seed1","ladder:apollo_clust",-3212.698,0,FALSE,80.6,"",NA,NA,NA,NA,NA,NA,NA
"very_hard|seed1","ladder:apollo_ss_published",-3212.698,0,FALSE,581.7,"",NA,NA,NA,NA,NA,NA,NA
"very_hard|seed1","chk",-3212.698,0,FALSE,4.6,"",NA,NA,NA,NA,NA,NA,NA
"very_hard|seed1","A0",-3231.206,-18.508,TRUE,2.4,"",NA,NA,NA,NA,NA,NA,NA
"very_hard|seed1","A4",-3217.441,-4.742,TRUE,13.3,"",NA,NA,NA,NA,NA,NA,NA
"very_hard|seed1","A1",-3212.698,0,FALSE,939.1,"",NA,NA,NA,NA,NA,NA,NA
"very_hard|seed1","A3",-3217.865,-5.167,TRUE,911.5,"",NA,NA,NA,NA,NA,NA,NA
"very_hard|seed1","A2",-3212.698,0,FALSE,4940.1,"",NA,NA,NA,NA,NA,NA,NA
"very_hard|seed1","A5",-3212.698,0,FALSE,609,"",NA,NA,NA,NA,594.6,5,490
"very_hard|seed1","A6",-3212.698,0,FALSE,30.4,"",0.3,18.4,11.7,-3212.698,NA,NA,NA
"very_hard|seed2","ladder:klue_ml",-3206.833,0,FALSE,3.2,"",NA,NA,NA,NA,NA,NA,NA
"very_hard|seed2","ladder:apollo_searchStart",-3206.833,0,FALSE,4566.2,"",NA,NA,NA,NA,NA,NA,NA
"very_hard|seed2","ladder:apollo_clust",-3206.833,0,FALSE,76.3,"",NA,NA,NA,NA,NA,NA,NA
"very_hard|seed2","ladder:apollo_ss_published",-3219.256,-12.423,TRUE,743.3,"",NA,NA,NA,NA,NA,NA,NA
"very_hard|seed2","chk",-3206.833,0,FALSE,3.8,"",NA,NA,NA,NA,NA,NA,NA
"very_hard|seed2","A0",-3262.423,-55.59,TRUE,3.8,"",NA,NA,NA,NA,NA,NA,NA
"very_hard|seed2","A4",-3206.833,0,FALSE,13.8,"",NA,NA,NA,NA,NA,NA,NA
"very_hard|seed2","A1",-3206.833,0,FALSE,938.4,"",NA,NA,NA,NA,NA,NA,NA
"very_hard|seed2","A3",-3206.833,0,FALSE,794.1,"",NA,NA,NA,NA,NA,NA,NA
"very_hard|seed2","A2",-3206.833,0,FALSE,4973.7,"",NA,NA,NA,NA,NA,NA,NA
"very_hard|seed2","A5",-3206.833,0,FALSE,608.9,"",NA,NA,NA,NA,594.7,5,494
"very_hard|seed2","A6",-3206.833,0,FALSE,29.6,"",0.3,17.9,11.5,-3206.833,NA,NA,NA
"very_hard|seed3","ladder:klue_ml",-3117.094,0,FALSE,4.8,"",NA,NA,NA,NA,NA,NA,NA
"very_hard|seed3","ladder:apollo_searchStart",-3117.094,0,FALSE,4533.9,"",NA,NA,NA,NA,NA,NA,NA
"very_hard|seed3","ladder:apollo_clust",-3117.094,0,FALSE,89.6,"",NA,NA,NA,NA,NA,NA,NA
"very_hard|seed3","ladder:apollo_ss_published",-3136.879,-19.785,TRUE,549.7,"",NA,NA,NA,NA,NA,NA,NA
"very_hard|seed3","chk",-3117.094,0,FALSE,5.2,"",NA,NA,NA,NA,NA,NA,NA
"very_hard|seed3","A0",-3138.899,-21.804,TRUE,3.1,"",NA,NA,NA,NA,NA,NA,NA
"very_hard|seed3","A4",-3117.094,0,FALSE,13.1,"",NA,NA,NA,NA,NA,NA,NA
"very_hard|seed3","A1",-3117.094,0,FALSE,938.7,"",NA,NA,NA,NA,NA,NA,NA
"very_hard|seed3","A3",-3132.442,-15.347,TRUE,916.9,"",NA,NA,NA,NA,NA,NA,NA
"very_hard|seed3","A2",-3117.094,0,FALSE,4999.4,"",NA,NA,NA,NA,NA,NA,NA
"very_hard|seed3","A5",-3117.094,0,FALSE,606.4,"",NA,NA,NA,NA,592,5,489
"very_hard|seed3","A6",-3117.094,0,FALSE,43.9,"",0.3,32.2,11.4,-3117.094,NA,NA,NA
"very_hard|seed4","ladder:klue_ml",-3184.322,0,FALSE,3.2,"",NA,NA,NA,NA,NA,NA,NA
"very_hard|seed4","ladder:apollo_searchStart",-3184.322,0,FALSE,4831.4,"",NA,NA,NA,NA,NA,NA,NA
"very_hard|seed4","ladder:apollo_clust",-3184.322,0,FALSE,92.7,"",NA,NA,NA,NA,NA,NA,NA
"very_hard|seed4","ladder:apollo_ss_published",-3184.453,-0.131,FALSE,602.6,"",NA,NA,NA,NA,NA,NA,NA
"very_hard|seed4","chk",-3184.322,0,FALSE,3.4,"",NA,NA,NA,NA,NA,NA,NA
"very_hard|seed4","A0",-3239.559,-55.237,TRUE,6.1,"",NA,NA,NA,NA,NA,NA,NA
"very_hard|seed4","A4",-3184.322,0,FALSE,14.6,"",NA,NA,NA,NA,NA,NA,NA
"very_hard|seed4","A1",-3184.322,0,FALSE,937.4,"",NA,NA,NA,NA,NA,NA,NA
"very_hard|seed4","A3",-3184.453,-0.131,FALSE,722.7,"",NA,NA,NA,NA,NA,NA,NA
"very_hard|seed4","A2",-3184.322,0,FALSE,4907.9,"",NA,NA,NA,NA,NA,NA,NA
"very_hard|seed4","A5",-3184.322,0,FALSE,609.2,"",NA,NA,NA,NA,594.4,5,495
"very_hard|seed4","A6",-3184.322,0,FALSE,33.9,"",0.3,22.2,11.5,-3184.322,NA,NA,NA
"very_hard|seed5","ladder:klue_ml",-3197.521,-0.131,FALSE,3,"",NA,NA,NA,NA,NA,NA,NA
"very_hard|seed5","ladder:apollo_searchStart",-3197.391,0,FALSE,4730.2,"",NA,NA,NA,NA,NA,NA,NA
"very_hard|seed5","ladder:apollo_clust",-3197.521,-0.131,FALSE,73.2,"",NA,NA,NA,NA,NA,NA,NA
"very_hard|seed5","ladder:apollo_ss_published",-3200.985,-3.594,TRUE,678,"",NA,NA,NA,NA,NA,NA,NA
"very_hard|seed5","chk",-3197.521,-0.131,FALSE,4.2,"",NA,NA,NA,NA,NA,NA,NA
"very_hard|seed5","A0",-3216.09,-18.699,TRUE,2.8,"",NA,NA,NA,NA,NA,NA,NA
"very_hard|seed5","A4",-3200.673,-3.282,TRUE,13.6,"",NA,NA,NA,NA,NA,NA,NA
"very_hard|seed5","A1",-3197.521,-0.131,FALSE,937.4,"",NA,NA,NA,NA,NA,NA,NA
"very_hard|seed5","A3",-3209.651,-12.26,TRUE,928,"",NA,NA,NA,NA,NA,NA,NA
"very_hard|seed5","A2",-3197.391,0,FALSE,4939.8,"",NA,NA,NA,NA,NA,NA,NA
"very_hard|seed5","A5",-3197.391,0,FALSE,615.3,"",NA,NA,NA,NA,600.7,5,499
"very_hard|seed5","A6",-3197.521,-0.131,FALSE,26.5,"",0.3,14.7,11.5,-3197.521,NA,NA,NA
