"true_K","kappa","sigma","best_method","kmeans","gmm","hc_ward","hc_complete","hc_average","pam","kmeans.1","gmm.1","hc_ward.1","hc_complete.1","hc_average.1","pam.1"
2,0.75,0.15,"pam",1,1,1,1,1,1,1,1,1,1,1,1
3,0.75,0.15,"gmm",1,1,1,1,1,1,1,1,1,1,1,1
4,0.75,0.15,"gmm",1,1,1,1,1,1,1,1,1,1,1,1
2,1,0.15,"gmm",1,1,1,1,1,1,1,1,1,1,1,1
3,1,0.15,"hc_ward",1,1,1,1,1,1,1,1,1,1,1,1
4,1,0.15,"gmm",1,1,1,1,1,1,1,1,1,1,1,1
2,1.25,0.15,"kmeans",1,1,1,1,1,1,1,1,1,1,1,1
3,1.25,0.15,"pam",1,1,1,1,1,1,1,1,1,1,1,1
4,1.25,0.15,"pam",1,1,1,1,1,1,1,1,1,1,1,1
2,0.75,0.25,"kmeans",1,1,1,1,1,1,1,1,1,1,1,1
3,0.75,0.25,"gmm",1,1,1,1,1,1,1,1,1,1,1,1
4,0.75,0.25,"gmm",1,1,1,1,1,1,1,1,1,1,1,1
2,1,0.25,"hc_average",1,1,1,1,1,1,1,1,1,1,1,1
3,1,0.25,"hc_ward",1,1,1,1,1,1,1,1,1,1,1,1
4,1,0.25,"pam",1,1,1,1,0,1,1,1,1,1,1,1
2,1.25,0.25,"kmeans",1,1,1,1,1,1,1,1,1,1,1,1
3,1.25,0.25,"pam",1,1,1,1,1,1,1,1,1,1,1,1
4,1.25,0.25,"pam",1,1,1,1,1,1,1,1,1,1,1,1
2,0.75,0.15,"hc_average",1,1,1,1,1,1,1,1,1,1,1,1
3,0.75,0.15,"pam",1,1,1,1,1,1,1,1,1,1,1,1
4,0.75,0.15,"gmm",1,1,1,1,0,1,1,1,1,1,1,1
2,1,0.15,"kmeans",1,1,1,1,1,1,1,1,1,1,1,1
3,1,0.15,"hc_ward",1,1,1,1,1,1,1,1,1,1,1,1
4,1,0.15,"kmeans",1,1,1,1,1,1,1,1,1,1,1,1
2,1.25,0.15,"hc_ward",1,1,1,1,1,1,1,1,1,1,1,1
3,1.25,0.15,"kmeans",1,1,1,1,1,1,1,1,1,1,1,1
4,1.25,0.15,"kmeans",1,1,1,1,1,1,1,1,1,1,1,1
2,0.75,0.25,"gmm",1,1,1,1,1,1,1,1,1,1,1,1
3,0.75,0.25,"gmm",1,1,1,1,0,1,1,1,1,1,1,1
4,0.75,0.25,"gmm",1,1,1,1,1,1,1,1,1,1,1,1
2,1,0.25,"hc_average",1,1,1,1,1,1,1,1,1,1,1,1
3,1,0.25,"gmm",1,1,1,1,1,1,1,1,1,1,1,1
4,1,0.25,"gmm",1,1,1,1,0,1,1,1,1,1,1,1
2,1.25,0.25,"hc_average",1,1,1,1,1,1,1,1,1,1,1,1
3,1.25,0.25,"kmeans",1,1,1,1,1,1,1,1,1,1,1,1
4,1.25,0.25,"kmeans",1,1,1,1,1,1,1,1,1,1,1,1
2,0.75,0.15,"hc_complete",1,1,1,1,1,1,1,1,1,1,1,1
3,0.75,0.15,"gmm",1,1,1,1,0,1,1,1,1,1,1,1
4,0.75,0.15,"gmm",1,1,1,1,1,1,1,1,1,1,1,1
2,1,0.15,"hc_complete",1,1,1,1,1,1,1,1,1,1,1,1
3,1,0.15,"hc_ward",1,1,1,1,1,1,1,1,1,1,1,1
4,1,0.15,"gmm",1,1,1,1,1,1,1,1,1,1,1,1
2,1.25,0.15,"kmeans",1,1,1,1,1,1,1,1,1,1,1,1
3,1.25,0.15,"hc_complete",1,1,1,1,1,1,1,1,1,1,1,1
4,1.25,0.15,"gmm",1,1,1,1,1,1,1,1,1,1,1,1
2,0.75,0.25,"hc_ward",1,1,1,1,1,1,1,1,1,1,1,1
3,0.75,0.25,"gmm",1,1,1,1,1,1,1,1,1,1,1,1
4,0.75,0.25,"gmm",1,1,1,1,0,1,1,1,1,1,1,1
2,1,0.25,"hc_ward",1,1,1,1,1,1,1,1,1,1,1,1
3,1,0.25,"gmm",1,1,1,1,1,1,1,1,1,1,1,1
4,1,0.25,"pam",1,1,1,1,0,1,1,1,1,1,1,1
2,1.25,0.25,"kmeans",1,1,1,1,1,1,1,1,1,1,1,1
3,1.25,0.25,"gmm",1,1,1,1,1,1,1,1,1,1,1,1
4,1.25,0.25,"pam",1,1,1,1,1,1,1,1,1,1,1,1
