"K","cluster_best","pct_global","pct_local","match_at","time_ratio"
3,TRUE,0.42,0.58,1,20.0106799572802
4,TRUE,0.04,0.96,12,17.7275974530207
5,TRUE,0,1,NA,19.6593247725147
3,TRUE,0.54,0.46,2,18.2609463276836
4,TRUE,0.18,0.82,6,20.0134354007186
5,TRUE,0.1,0.9,2,19.3129406235313
3,TRUE,0.44,0.56,5,11.4910926365796
4,TRUE,0.32,0.68,2,18.5230145108441
5,TRUE,0.14,0.86,5,19.6975581618919
3,TRUE,0.34,0.66,1,19.6291441788744
4,TRUE,0.14,0.86,3,19.6122809837647
5,TRUE,0,1,NA,24.0559179869525
3,TRUE,0.46,0.54,6,17.821303160359
4,TRUE,0.22,0.78,3,15.7041363199121
5,TRUE,0.04,0.96,7,20.0895107183767
3,TRUE,0.62,0.38,1,14.9760125835629
4,TRUE,0.32,0.68,2,16.1868039149509
5,TRUE,0.2,0.8,8,25.2593852908891
3,TRUE,0.22,0.78,1,21.4378316906749
4,TRUE,0.12,0.88,26,25.2915221579962
5,TRUE,0.02,0.98,45,25.2050439656005
3,TRUE,0.44,0.56,3,18.4347471451876
4,TRUE,0.24,0.76,5,20.2571809016549
5,TRUE,0.14,0.86,1,26.2399955659018
3,TRUE,0.62,0.38,5,17.0860121633365
4,TRUE,0.26,0.74,1,16.1161396982848
5,TRUE,0.06,0.92,21,9.39954792530006
3,TRUE,0.4,0.6,1,20.9521444695262
4,TRUE,0.18,0.82,3,19.087571176124
5,TRUE,0.04,0.96,11,13.8529040872339
3,TRUE,0.44,0.56,1,17.9637989778534
4,TRUE,0.2,0.8,1,23.1525630593979
5,TRUE,0.06,0.94,1,18.4176288369473
3,TRUE,0.56,0.44,1,13.027027027027
4,TRUE,0.38,0.62,8,15.7576330721426
5,TRUE,0.24,0.76,4,13.9726193570747
