"true_K","kappa","sigma","rep","mnl_bic","lc_bic","lc_C","mmnl_bic","winner","lcmnl_preferred"
2,0.75,0.15,1,6919.19014886883,5410.67505155216,2,5959.23528379913,"LCMNL",TRUE
3,0.75,0.15,1,10369.5948429053,8647.21029347057,3,9217.28827782987,"LCMNL",TRUE
4,0.75,0.15,1,13844.3833192638,11702.0094540638,4,12388.0401494173,"LCMNL",TRUE
2,1,0.15,1,6983.49264514217,4599.31816031496,2,5395.68897352756,"LCMNL",TRUE
3,1,0.15,1,10282.9071835754,7672.56715907287,3,8700.72211254465,"LCMNL",TRUE
4,1,0.15,1,13939.7179647051,10819.4720096881,4,11827.0514734858,"LCMNL",TRUE
2,1.25,0.15,1,7060.56031435563,4373.01514739377,2,5267.24650000985,"LCMNL",TRUE
3,1.25,0.15,1,10304.2381337152,6750.12073085712,3,8094.84330230885,"LCMNL",TRUE
4,1.25,0.15,1,14174.5749862325,9984.42336743682,4,11451.2701501546,"LCMNL",TRUE
2,0.75,0.25,1,6945.2459105962,5504.52986744147,3,5834.55629948178,"LCMNL",TRUE
3,0.75,0.25,1,10369.1552300318,8797.81016152984,3,9192.96510773673,"LCMNL",TRUE
4,0.75,0.25,1,13900.2597727145,12011.6068437714,5,12302.3235519399,"LCMNL",TRUE
2,1,0.25,1,6963.58088711721,4946.1206583749,2,5590.68895935275,"LCMNL",TRUE
3,1,0.25,1,10410.9210500617,7922.45979274875,3,8723.12056204934,"LCMNL",TRUE
4,1,0.25,1,14091.756416678,11145.8013285421,4,11785.5057371188,"LCMNL",TRUE
2,1.25,0.25,1,7033.73832845028,4594.10486168476,2,5288.7120716028,"LCMNL",TRUE
3,1.25,0.25,1,10466.5006431645,7227.15236887985,3,8406.6563178665,"LCMNL",TRUE
4,1.25,0.25,1,14109.5158892759,10241.1959037232,4,11345.4192214905,"LCMNL",TRUE
2,0.75,0.15,2,6856.49577341903,5232.03488242086,2,5876.2919873445,"LCMNL",TRUE
3,0.75,0.15,2,10409.0913805073,8637.39677026082,3,9237.47648064431,"LCMNL",TRUE
4,0.75,0.15,2,13826.8217011858,11704.2251735325,4,12276.8243623171,"LCMNL",TRUE
2,1,0.15,2,6948.01468219353,4721.91199466346,2,5477.35220811893,"LCMNL",TRUE
3,1,0.15,2,10236.6494001507,7516.98843308221,3,8594.04590033633,"LCMNL",TRUE
4,1,0.15,2,14117.5685528315,11031.5387796904,4,11959.9660150545,"LCMNL",TRUE
2,1.25,0.15,2,7079.03166796647,4289.64006183569,2,5150.16890289785,"LCMNL",TRUE
3,1.25,0.15,2,10332.6771569021,6987.43452251354,3,8309.21524876066,"LCMNL",TRUE
4,1.25,0.15,2,14141.639129076,10029.7527729779,4,11455.4183120789,"LCMNL",TRUE
2,0.75,0.25,2,6930.38225150278,5470.06050342903,2,5923.30012057587,"LCMNL",TRUE
3,0.75,0.25,2,10330.5205968501,8764.76208398522,3,9162.21707099243,"LCMNL",TRUE
4,0.75,0.25,2,13859.8725912057,11907.2269390397,4,12316.8250992695,"LCMNL",TRUE
2,1,0.25,2,7019.83429219326,5026.19089883447,3,5614.11753635045,"LCMNL",TRUE
3,1,0.25,2,10351.7396207334,7918.81593369476,3,8616.3863579013,"LCMNL",TRUE
4,1,0.25,2,14023.9710099622,11141.4277747177,4,11889.3473823441,"LCMNL",TRUE
2,1.25,0.25,2,7058.54295133282,4500.12341266775,2,5284.01266807392,"LCMNL",TRUE
3,1.25,0.25,2,10323.4837288206,7139.25007026918,3,8200.84089722492,"LCMNL",TRUE
4,1.25,0.25,2,14292.4789238009,10366.5664024147,4,11635.4097348364,"LCMNL",TRUE
