"dataset","C","converged","LL","k","BIC","AIC","ICL","ICL_BIC","min_class_prob","best_method","secs"
"Swissmetro",1,TRUE,-5328.67931175183,5,10690.4723051234,10667.3586235037,10690.4723051234,0,1,"pooled",0.1
"Swissmetro",2,TRUE,-4311.67473954597,11,8696.19957865538,8645.34947909193,8762.84699909594,66.6474204405561,0.21347885989685,"pam",1.4
"Swissmetro",3,TRUE,-3971.07328625609,17,8054.73309001932,7976.14657251217,8320.49950740287,265.766417383548,0.155630737994086,"gmm",2.8
"Swissmetro",4,TRUE,-3783.53400621938,23,7719.3909478896,7613.06801243876,8167.14210975019,447.751161860586,0.112208137217933,"hc_ward",4.4
"Swissmetro",5,TRUE,-3703.53889961147,29,7599.13715261749,7465.07779922294,8177.44541389557,578.308261278082,0.0833491013292955,"hc_complete",4.7
"Swissmetro",6,TRUE,-3641.27598453418,35,7514.34774040661,7352.55196906836,8259.92539123577,745.577650829166,0.0772084805118219,"gmm",7.9
"Swissmetro",7,TRUE,-3585.14487249537,41,7441.82193427268,7252.28974499074,8278.54077492518,836.718840652493,0.0742218939324796,"pam",9.4
"Swissmetro",8,TRUE,-3545.05398616578,47,7401.3765795572,7184.10797233155,8398.99213819377,997.61555863657,0.0639833193672301,"pam",9.8
"Swissmetro",9,TRUE,-3513.38095501078,53,7377.76693519089,7132.76191002155,8421.58674228157,1043.81980709067,0.0403400796408344,"kmeans",12.1
"Swissmetro",10,TRUE,-3494.24767810861,59,7379.23679933026,7106.49535621722,8498.45881566715,1119.22201633689,0.0255955616111366,"gmm",17.4
"Swissmetro",11,TRUE,-3472.89165916603,65,7376.2611793888,7075.78331833206,8469.72291930558,1093.46173991678,0.0238771959783331,"kmeans",19
"Swissmetro",12,TRUE,-3449.95091167366,71,7370.11610234775,7041.90182334731,8673.80577003354,1303.68966768579,0.0292461514712382,"hc_ward",20.9
