"dataset","C","k","N","stored","LL_stored","BIC_stored","LL_klue","BIC_klue","dLL_klue","klue_reproduces","klue_converged","klue_best_start","klue_singular","klue_secs","R","R_target","rp_seed","rp_n_converged","rp_n_failed","LL_rp_best","BIC_rp_best","dLL_rp_best","rp_n_at_best","rp_n_reach_stored","rp_n_above_stored","rp_best_start","rp_best_min_share","rp_best_max_abs_par","rp_best_admissible","rp_n_degenerate","LL_rp_adm","BIC_rp_adm","dLL_rp_adm","rp_adm_start","rp_adm_min_share","rp_adm_max_abs_par","klue_max_abs_par","rp_secs","max_gain_LL","above_stored","LL_best","BIC_best","LL_best_any","BIC_best_any","klue_version","C_best_stored","C_best_checked","lcmnl_BIC_stored","lcmnl_BIC_checked","best_mmnl","mmnl_BIC","margin_stored","margin_checked","C_best_checked_any","margin_checked_any"
"Mode",2,15,500,TRUE,-5396.67093,10886.561,-5396.67093,10886.561,0,TRUE,TRUE,"gmm",FALSE,2.3,20,20,102,20,0,-5396.670929,10886.561,0,20,20,0,10,0.4192,3.126,TRUE,0,-5396.670929,10886.561,0,10,0.4192,3.126,3.1259,9.2,0,FALSE,-5396.670929,10886.561,-5396.670929,10886.561,"0.10.0",3,3,10837.204,10837.204,"M1",10834.424,-2.78,-2.78,3,-2.78
"Mode",3,23,500,TRUE,-5347.133875,10837.204,-5347.133875,10837.204,0,TRUE,TRUE,"hc_ward",FALSE,4.2,60,60,103,60,0,-5347.133875,10837.204,0,43,43,0,21,0.2285,4.9708,TRUE,0,-5347.133875,10837.204,0,21,0.2285,4.9708,4.9709,61,0,FALSE,-5347.133875,10837.204,-5347.133875,10837.204,"0.10.0",3,3,10837.204,10837.204,"M1",10834.424,-2.78,-2.78,3,-2.78
"Mode",4,31,500,TRUE,-5334.700261,10862.053,-5334.700261,10862.053,0,TRUE,TRUE,"hc_average",TRUE,7.3,20,20,104,20,0,-5334.70026,10862.053,0,3,3,0,20,0.223,18.4541,TRUE,0,-5334.70026,10862.053,0,20,0.223,18.4541,17.8721,34.1,0,FALSE,-5334.70026,10862.053,-5334.70026,10862.053,"0.10.0",3,3,10837.204,10837.204,"M1",10834.424,-2.78,-2.78,3,-2.78
"SwissRoute",4,23,388,TRUE,-1448.293201,3033.69,-1448.293201,3033.69,0,TRUE,TRUE,"hc_average",FALSE,1.8,20,20,204,20,0,-1447.410588,3031.924,0.882613,1,2,1,11,0.1754,22.7206,TRUE,0,-1447.410588,3031.924,0.882613,11,0.1754,22.7206,18.3237,6.5,0.882613,TRUE,-1447.410588,3031.924,-1447.410588,3031.924,"0.10.0",5,6,3027.362,3026.915,"M3",2948.453,-78.909,-78.462,6,-73.806
"SwissRoute",5,29,388,TRUE,-1427.246233,3027.362,-1427.246233,3027.362,0,TRUE,TRUE,"hc_complete",FALSE,3.5,60,60,205,60,0,-1427.246233,3027.362,0,1,1,0,57,0.1667,17.5186,TRUE,3,-1427.246233,3027.362,0,57,0.1667,17.5186,17.5178,31.9,0,FALSE,-1427.246233,3027.362,-1427.246233,3027.362,"0.10.0",5,6,3027.362,3026.915,"M3",2948.453,-78.909,-78.462,6,-73.806
"SwissRoute",6,35,388,TRUE,-1412.600067,3033.835,-1412.600067,3033.835,0,TRUE,TRUE,"pam",FALSE,4.1,60,60,206,60,0,-1406.811705,3022.259,5.788362,1,23,20,45,0.031,1666.5177,FALSE,20,-1409.13967,3026.915,3.460397,24,0.1193,24.765,20.5303,61.3,5.788362,TRUE,-1409.13967,3026.915,-1406.811705,3022.259,"0.10.0",5,6,3027.362,3026.915,"M3",2948.453,-78.909,-78.462,6,-73.806
"SwissRoute",7,41,388,FALSE,-1392.516627,3029.434,-1392.516627,3029.434,0,NA,TRUE,"hc_complete",TRUE,5,20,20,207,20,0,-1395.980134,3036.361,-3.463507,1,0,0,8,0.035,81.5809,TRUE,10,-1395.980134,3036.361,-3.463507,8,0.035,81.5809,2115.6727,34.9,0,FALSE,-1395.980134,3036.361,-1392.516627,3029.434,"0.10.0",5,6,3027.362,3026.915,"M3",2948.453,-78.909,-78.462,6,-73.806
"Vittel",6,65,930,TRUE,-5859.707646,12163.702,-5859.707646,12163.702,0,TRUE,TRUE,"gmm",FALSE,16.9,20,20,306,20,0,-5860.023172,12164.333,-0.315526,1,0,0,18,0.0642,4.2563,TRUE,1,-5860.023172,12164.333,-0.315526,18,0.0642,4.2563,4.2649,71.8,0,FALSE,-5859.707646,12163.702,-5859.707646,12163.702,"0.10.0",7,7,12122.746,12122.746,"M3",11853.862,-268.885,-268.885,7,-268.885
"Vittel",7,76,930,TRUE,-5801.636204,12122.746,-5801.636204,12122.746,0,TRUE,TRUE,"kmeans",FALSE,18.2,60,60,307,60,0,-5813.916681,12147.307,-12.280476,1,0,0,7,0.0283,73.9808,TRUE,4,-5813.916681,12147.307,-12.280476,7,0.0283,73.9808,7.2057,334.9,0,FALSE,-5801.636204,12122.746,-5801.636204,12122.746,"0.10.0",7,7,12122.746,12122.746,"M3",11853.862,-268.885,-268.885,7,-268.885
"Vittel",8,87,930,TRUE,-5764.237592,12123.136,-5764.237592,12123.136,0,TRUE,TRUE,"gmm",TRUE,22.9,20,20,308,20,0,-5787.992076,12170.645,-23.754484,1,0,0,5,0.0259,143.8246,TRUE,3,-5787.992076,12170.645,-23.754484,5,0.0259,143.8246,20.9735,116.2,0,FALSE,-5764.237592,12123.136,-5764.237592,12123.136,"0.10.0",7,7,12122.746,12122.746,"M3",11853.862,-268.885,-268.885,7,-268.885
"Electricity",10,99,348,TRUE,-3585.632166,7750.632,-3585.632166,7750.632,0,TRUE,TRUE,"hc_average",TRUE,19.3,20,20,410,20,0,-3592.162362,7763.693,-6.530196,1,0,0,7,0.0389,18.1696,TRUE,4,-3592.162362,7763.693,-6.530196,7,0.0389,18.1696,19.9048,81.2,0,FALSE,-3585.632166,7750.632,-3585.632166,7750.632,"0.10.0",11,12,7745.08,7741.517,"M2",7310.923,-434.157,-430.594,12,-430.594
"Electricity",11,109,348,TRUE,-3553.594981,7745.08,-3553.594981,7745.08,0,TRUE,TRUE,"hc_average",TRUE,24.2,60,60,411,60,0,-3562.626103,7763.142,-9.031122,2,0,0,10,0.0236,22.1315,TRUE,11,-3562.626103,7763.142,-9.031122,10,0.0236,22.1315,19.9345,291.2,0,FALSE,-3553.594981,7745.08,-3553.594981,7745.08,"0.10.0",11,12,7745.08,7741.517,"M2",7310.923,-434.157,-430.594,12,-430.594
"Electricity",12,119,348,TRUE,-3528.22163,7752.855,-3528.22163,7752.855,0,TRUE,TRUE,"hc_average",TRUE,26.4,60,60,412,60,0,-3522.552382,7741.517,5.669247,1,2,2,17,0.0227,21.9399,TRUE,12,-3522.552382,7741.517,5.669247,17,0.0227,21.9399,29.8625,310.2,5.669247,TRUE,-3522.552382,7741.517,-3522.552382,7741.517,"0.10.0",11,12,7745.08,7741.517,"M2",7310.923,-434.157,-430.594,12,-430.594
"Swissmetro",11,65,752,TRUE,-3472.891659,7376.261,-3472.891659,7376.261,0,TRUE,TRUE,"kmeans",FALSE,18.2,20,20,511,20,0,-3455.005583,7340.489,17.886076,1,6,6,9,0.0293,78.4503,TRUE,0,-3455.005583,7340.489,17.886076,9,0.0293,78.4503,35.9191,84.5,17.886076,TRUE,-3455.005583,7340.489,-3455.005583,7340.489,"0.10.0",12,12,7370.116,7329.832,"M4",7050.694,-319.422,-279.138,12,-279.138
"Swissmetro",12,71,752,TRUE,-3449.950912,7370.116,-3449.950912,7370.116,0,TRUE,TRUE,"hc_ward",TRUE,20.4,60,60,512,60,0,-3429.808812,7329.832,20.1421,1,14,14,49,0.0362,37.0516,TRUE,3,-3429.808812,7329.832,20.1421,49,0.0362,37.0516,261.1975,265.5,20.1421,TRUE,-3429.808812,7329.832,-3429.808812,7329.832,"0.10.0",12,12,7370.116,7329.832,"M4",7050.694,-319.422,-279.138,12,-279.138
