"K","kappa","sigma","rep","estimator","strategy","n_starts","at_global_rate","reached_global","starts_to_global","best_LL","global_LL"
3,0.5,0.15,1,"ml","clustering",6,1,TRUE,1,-4627.22587347559,-4627.22587347559
3,0.5,0.15,1,"ml","perturbation",20,0.95,TRUE,1,-4627.22587347559,-4627.22587347559
3,0.5,0.15,1,"ml","random_partition",20,1,TRUE,1,-4627.22587347576,-4627.22587347559
3,0.5,0.15,1,"ml","random",20,0.45,TRUE,1,-4627.22587347559,-4627.22587347559
3,0.5,0.15,1,"em","clustering",6,1,TRUE,1,-4627.22587402814,-4627.22587347559
3,0.5,0.15,1,"em","perturbation",20,1,TRUE,1,-4627.22587380721,-4627.22587347559
3,0.5,0.15,1,"em","random_partition",20,1,TRUE,1,-4627.22587394312,-4627.22587347559
3,0.5,0.15,1,"em","random",20,1,TRUE,1,-4627.22587384004,-4627.22587347559
4,0.5,0.15,1,"ml","clustering",6,1,TRUE,1,-6258.14427136075,-6258.14427136032
4,0.5,0.15,1,"ml","perturbation",20,0.65,TRUE,4,-6258.14427136703,-6258.14427136032
4,0.5,0.15,1,"ml","random_partition",20,0.85,TRUE,1,-6258.1442713618,-6258.14427136032
4,0.5,0.15,1,"ml","random",20,0.05,TRUE,12,-6258.14427136032,-6258.14427136032
4,0.5,0.15,1,"em","clustering",6,1,TRUE,1,-6258.14427406466,-6258.14427136032
4,0.5,0.15,1,"em","perturbation",20,0.95,TRUE,1,-6258.14427354698,-6258.14427136032
4,0.5,0.15,1,"em","random_partition",20,1,TRUE,1,-6258.14427380934,-6258.14427136032
4,0.5,0.15,1,"em","random",20,0.95,TRUE,1,-6258.14427365096,-6258.14427136032
5,0.5,0.15,1,"ml","clustering",6,0.833333333333333,TRUE,1,-7691.91976522877,-7691.91976522854
5,0.5,0.15,1,"ml","perturbation",20,0.4,TRUE,1,-7691.91976525149,-7691.91976522854
5,0.5,0.15,1,"ml","random_partition",20,0.75,TRUE,1,-7691.91976522854,-7691.91976522854
5,0.5,0.15,1,"ml","random",20,0,FALSE,NA,-7718.63703230691,-7691.91976522854
5,0.5,0.15,1,"em","clustering",6,0.833333333333333,TRUE,1,-7691.91977062781,-7691.91976522854
5,0.5,0.15,1,"em","perturbation",20,0.95,TRUE,1,-7691.91977051827,-7691.91976522854
5,0.5,0.15,1,"em","random_partition",20,1,TRUE,1,-7691.91976936803,-7691.91976522854
5,0.5,0.15,1,"em","random",20,0.7,TRUE,1,-7691.91977135657,-7691.91976522854
3,0.75,0.15,1,"ml","clustering",6,1,TRUE,1,-4106.58177609128,-4106.58177609128
3,0.75,0.15,1,"ml","perturbation",20,0.9,TRUE,1,-4106.58177609131,-4106.58177609128
3,0.75,0.15,1,"ml","random_partition",20,1,TRUE,1,-4106.58177609141,-4106.58177609128
3,0.75,0.15,1,"ml","random",20,0.5,TRUE,2,-4106.58177609128,-4106.58177609128
3,0.75,0.15,1,"em","clustering",6,1,TRUE,1,-4106.58177636667,-4106.58177609128
3,0.75,0.15,1,"em","perturbation",20,1,TRUE,1,-4106.58177628935,-4106.58177609128
3,0.75,0.15,1,"em","random_partition",20,1,TRUE,1,-4106.58177632346,-4106.58177609128
3,0.75,0.15,1,"em","random",20,0.95,TRUE,1,-4106.58177625799,-4106.58177609128
4,0.75,0.15,1,"ml","clustering",6,1,TRUE,1,-5829.17762645957,-5829.1776264595
4,0.75,0.15,1,"ml","perturbation",20,0.55,TRUE,2,-5829.1776264595,-5829.1776264595
4,0.75,0.15,1,"ml","random_partition",20,0.85,TRUE,1,-5829.1776264596,-5829.1776264595
4,0.75,0.15,1,"ml","random",20,0.25,TRUE,6,-5829.17762646326,-5829.1776264595
4,0.75,0.15,1,"em","clustering",6,1,TRUE,1,-5829.1776269861,-5829.1776264595
4,0.75,0.15,1,"em","perturbation",20,0.95,TRUE,1,-5829.17762686637,-5829.1776264595
4,0.75,0.15,1,"em","random_partition",20,0.8,TRUE,1,-5829.17762697746,-5829.1776264595
4,0.75,0.15,1,"em","random",20,0.85,TRUE,1,-5829.17762689208,-5829.1776264595
5,0.75,0.15,1,"ml","clustering",6,1,TRUE,1,-7290.03320111823,-7290.03320111823
5,0.75,0.15,1,"ml","perturbation",20,0.8,TRUE,1,-7290.03320111874,-7290.03320111823
5,0.75,0.15,1,"ml","random_partition",20,0.65,TRUE,1,-7290.03320111838,-7290.03320111823
5,0.75,0.15,1,"ml","random",20,0.1,TRUE,2,-7290.03320112,-7290.03320111823
5,0.75,0.15,1,"em","clustering",6,1,TRUE,1,-7290.03320261035,-7290.03320111823
5,0.75,0.15,1,"em","perturbation",20,0.95,TRUE,1,-7290.0332024955,-7290.03320111823
5,0.75,0.15,1,"em","random_partition",20,1,TRUE,1,-7290.0332024756,-7290.03320111823
5,0.75,0.15,1,"em","random",20,1,TRUE,1,-7290.03320236468,-7290.03320111823
3,1,0.15,1,"ml","clustering",6,0.666666666666667,TRUE,1,-3806.21293456616,-3806.21293456616
3,1,0.15,1,"ml","perturbation",20,0.95,TRUE,1,-3806.21293456616,-3806.21293456616
3,1,0.15,1,"ml","random_partition",20,0.95,TRUE,1,-3806.21293456623,-3806.21293456616
3,1,0.15,1,"ml","random",20,0.45,TRUE,5,-3806.21293456616,-3806.21293456616
3,1,0.15,1,"em","clustering",6,0.666666666666667,TRUE,1,-3806.21293494847,-3806.21293456616
3,1,0.15,1,"em","perturbation",20,0.95,TRUE,1,-3806.21293470304,-3806.21293456616
3,1,0.15,1,"em","random_partition",20,1,TRUE,1,-3806.2129346637,-3806.21293456616
3,1,0.15,1,"em","random",20,0.95,TRUE,2,-3806.21293474195,-3806.21293456616
4,1,0.15,1,"ml","clustering",6,0.833333333333333,TRUE,1,-5367.24841914252,-5367.24841914247
4,1,0.15,1,"ml","perturbation",20,0.6,TRUE,2,-5367.24841914257,-5367.24841914247
4,1,0.15,1,"ml","random_partition",20,0.85,TRUE,2,-5367.24841914247,-5367.24841914247
4,1,0.15,1,"ml","random",20,0.4,TRUE,2,-5367.24841914254,-5367.24841914247
4,1,0.15,1,"em","clustering",6,1,TRUE,1,-5367.24841958591,-5367.24841914247
4,1,0.15,1,"em","perturbation",20,1,TRUE,1,-5367.24841946605,-5367.24841914247
4,1,0.15,1,"em","random_partition",20,0.95,TRUE,1,-5367.24841945856,-5367.24841914247
4,1,0.15,1,"em","random",20,0.8,TRUE,1,-5367.24841968841,-5367.24841914247
5,1,0.15,1,"ml","clustering",6,1,TRUE,1,-6810.6923623863,-6810.69236238547
5,1,0.15,1,"ml","perturbation",20,0.75,TRUE,2,-6810.69236238549,-6810.69236238547
5,1,0.15,1,"ml","random_partition",20,0.8,TRUE,1,-6810.69236238547,-6810.69236238547
5,1,0.15,1,"ml","random",20,0.1,TRUE,5,-6810.69236238554,-6810.69236238547
5,1,0.15,1,"em","clustering",6,1,TRUE,1,-6810.69236336637,-6810.69236238547
5,1,0.15,1,"em","perturbation",20,0.95,TRUE,1,-6810.69236309555,-6810.69236238547
5,1,0.15,1,"em","random_partition",20,1,TRUE,1,-6810.69236302441,-6810.69236238547
5,1,0.15,1,"em","random",20,0.8,TRUE,1,-6810.69236318331,-6810.69236238547
3,0.5,0.25,1,"ml","clustering",6,1,TRUE,1,-4563.89615125215,-4563.89615125211
3,0.5,0.25,1,"ml","perturbation",20,0.95,TRUE,1,-4563.89615125212,-4563.89615125211
3,0.5,0.25,1,"ml","random_partition",20,0.95,TRUE,1,-4563.89615125211,-4563.89615125211
3,0.5,0.25,1,"ml","random",20,0.3,TRUE,1,-4563.89615125212,-4563.89615125211
3,0.5,0.25,1,"em","clustering",6,1,TRUE,1,-4563.89615214703,-4563.89615125211
3,0.5,0.25,1,"em","perturbation",20,1,TRUE,1,-4563.89615272492,-4563.89615125211
3,0.5,0.25,1,"em","random_partition",20,1,TRUE,1,-4563.89615246439,-4563.89615125211
3,0.5,0.25,1,"em","random",20,0.9,TRUE,1,-4563.89615239988,-4563.89615125211
4,0.5,0.25,1,"ml","clustering",6,1,TRUE,1,-6320.53572780322,-6320.53572779864
4,0.5,0.25,1,"ml","perturbation",20,0.8,TRUE,2,-6320.53572779864,-6320.53572779864
4,0.5,0.25,1,"ml","random_partition",20,0.85,TRUE,1,-6320.53572780368,-6320.53572779864
4,0.5,0.25,1,"ml","random",20,0.05,TRUE,3,-6320.53572785297,-6320.53572779864
4,0.5,0.25,1,"em","clustering",6,1,TRUE,1,-6320.53573361586,-6320.53572779864
4,0.5,0.25,1,"em","perturbation",20,1,TRUE,1,-6320.53573354276,-6320.53572779864
4,0.5,0.25,1,"em","random_partition",20,1,TRUE,1,-6320.53573351607,-6320.53572779864
4,0.5,0.25,1,"em","random",20,0.95,TRUE,1,-6320.53573298358,-6320.53572779864
5,0.5,0.25,1,"ml","clustering",6,0.333333333333333,TRUE,1,-7822.09372851516,-7822.09372850903
5,0.5,0.25,1,"ml","perturbation",20,0.25,TRUE,12,-7822.09372851565,-7822.09372850903
5,0.5,0.25,1,"ml","random_partition",20,0.5,TRUE,2,-7822.09372850903,-7822.09372850903
5,0.5,0.25,1,"ml","random",20,0,FALSE,NA,-7826.46843676698,-7822.09372850903
5,0.5,0.25,1,"em","clustering",6,0.666666666666667,TRUE,1,-7822.09373889125,-7822.09372850903
5,0.5,0.25,1,"em","perturbation",20,0.6,TRUE,4,-7822.0937354307,-7822.09372850903
5,0.5,0.25,1,"em","random_partition",20,0.7,TRUE,2,-7822.09373253543,-7822.09372850903
5,0.5,0.25,1,"em","random",20,0.45,TRUE,3,-7822.0937387801,-7822.09372850903
3,0.75,0.25,1,"ml","clustering",6,1,TRUE,1,-4284.95362589709,-4284.95362589708
3,0.75,0.25,1,"ml","perturbation",20,1,TRUE,1,-4284.95362589708,-4284.95362589708
3,0.75,0.25,1,"ml","random_partition",20,1,TRUE,1,-4284.95362589708,-4284.95362589708
3,0.75,0.25,1,"ml","random",20,0.25,TRUE,6,-4284.95362589723,-4284.95362589708
3,0.75,0.25,1,"em","clustering",6,1,TRUE,1,-4284.95362622078,-4284.95362589708
3,0.75,0.25,1,"em","perturbation",20,1,TRUE,1,-4284.95362605893,-4284.95362589708
3,0.75,0.25,1,"em","random_partition",20,1,TRUE,1,-4284.9536261436,-4284.95362589708
3,0.75,0.25,1,"em","random",20,1,TRUE,1,-4284.95362606711,-4284.95362589708
4,0.75,0.25,1,"ml","clustering",6,1,TRUE,1,-5842.15576442029,-5842.15576441979
4,0.75,0.25,1,"ml","perturbation",20,1,TRUE,1,-5842.15576441979,-5842.15576441979
4,0.75,0.25,1,"ml","random_partition",20,1,TRUE,1,-5842.15576442108,-5842.15576441979
4,0.75,0.25,1,"ml","random",20,0.15,TRUE,3,-5842.15576441979,-5842.15576441979
4,0.75,0.25,1,"em","clustering",6,1,TRUE,1,-5842.1557653114,-5842.15576441979
4,0.75,0.25,1,"em","perturbation",20,1,TRUE,1,-5842.15576496562,-5842.15576441979
4,0.75,0.25,1,"em","random_partition",20,1,TRUE,1,-5842.15576498276,-5842.15576441979
4,0.75,0.25,1,"em","random",20,1,TRUE,1,-5842.15576514282,-5842.15576441979
5,0.75,0.25,1,"ml","clustering",6,1,TRUE,1,-7391.3453674524,-7391.34536745069
5,0.75,0.25,1,"ml","perturbation",20,0.7,TRUE,2,-7391.34536745227,-7391.34536745069
5,0.75,0.25,1,"ml","random_partition",20,0.4,TRUE,2,-7391.34536745069,-7391.34536745069
5,0.75,0.25,1,"ml","random",20,0.05,TRUE,7,-7391.3453685644,-7391.34536745069
5,0.75,0.25,1,"em","clustering",6,1,TRUE,1,-7391.34537258823,-7391.34536745069
5,0.75,0.25,1,"em","perturbation",20,1,TRUE,1,-7391.34537234235,-7391.34536745069
5,0.75,0.25,1,"em","random_partition",20,1,TRUE,1,-7391.34537199049,-7391.34536745069
5,0.75,0.25,1,"em","random",20,0.95,TRUE,1,-7391.34537248917,-7391.34536745069
3,1,0.25,1,"ml","clustering",6,1,TRUE,1,-3997.5025870014,-3997.5025870014
3,1,0.25,1,"ml","perturbation",20,0.85,TRUE,1,-3997.50258700141,-3997.5025870014
3,1,0.25,1,"ml","random_partition",20,1,TRUE,1,-3997.5025870014,-3997.5025870014
3,1,0.25,1,"ml","random",20,0.7,TRUE,1,-3997.50258700167,-3997.5025870014
3,1,0.25,1,"em","clustering",6,1,TRUE,1,-3997.50258715675,-3997.5025870014
3,1,0.25,1,"em","perturbation",20,0.95,TRUE,1,-3997.5025871064,-3997.5025870014
3,1,0.25,1,"em","random_partition",20,1,TRUE,1,-3997.50258713489,-3997.5025870014
3,1,0.25,1,"em","random",20,0.9,TRUE,1,-3997.50258709385,-3997.5025870014
4,1,0.25,1,"ml","clustering",6,1,TRUE,1,-5445.37787295489,-5445.37787295478
4,1,0.25,1,"ml","perturbation",20,0.9,TRUE,1,-5445.37787295478,-5445.37787295478
4,1,0.25,1,"ml","random_partition",20,0.9,TRUE,1,-5445.37787295479,-5445.37787295478
4,1,0.25,1,"ml","random",20,0.35,TRUE,2,-5445.37787295521,-5445.37787295478
4,1,0.25,1,"em","clustering",6,1,TRUE,1,-5445.37787363996,-5445.37787295478
4,1,0.25,1,"em","perturbation",20,1,TRUE,1,-5445.37787315712,-5445.37787295478
4,1,0.25,1,"em","random_partition",20,1,TRUE,1,-5445.37787325386,-5445.37787295478
4,1,0.25,1,"em","random",20,0.95,TRUE,1,-5445.377873243,-5445.37787295478
5,1,0.25,1,"ml","clustering",6,1,TRUE,1,-7033.89056351274,-7033.89056351265
5,1,0.25,1,"ml","perturbation",20,0.7,TRUE,2,-7033.8905635129,-7033.89056351265
5,1,0.25,1,"ml","random_partition",20,0.85,TRUE,1,-7033.89056351265,-7033.89056351265
5,1,0.25,1,"ml","random",20,0.2,TRUE,8,-7033.8905635185,-7033.89056351265
5,1,0.25,1,"em","clustering",6,1,TRUE,1,-7033.89056430106,-7033.89056351265
5,1,0.25,1,"em","perturbation",20,0.95,TRUE,1,-7033.89056424643,-7033.89056351265
5,1,0.25,1,"em","random_partition",20,0.85,TRUE,1,-7033.89056415256,-7033.89056351265
5,1,0.25,1,"em","random",20,0.75,TRUE,1,-7033.8905641423,-7033.89056351265
3,0.5,0.15,2,"ml","clustering",6,1,TRUE,1,-4561.45577685198,-4561.45577685198
3,0.5,0.15,2,"ml","perturbation",20,1,TRUE,1,-4561.45577685218,-4561.45577685198
3,0.5,0.15,2,"ml","random_partition",20,0.9,TRUE,1,-4561.45577685306,-4561.45577685198
3,0.5,0.15,2,"ml","random",20,0.3,TRUE,1,-4561.45577685198,-4561.45577685198
3,0.5,0.15,2,"em","clustering",6,1,TRUE,1,-4561.45577754272,-4561.45577685198
3,0.5,0.15,2,"em","perturbation",20,1,TRUE,1,-4561.45577742748,-4561.45577685198
3,0.5,0.15,2,"em","random_partition",20,1,TRUE,1,-4561.45577742803,-4561.45577685198
3,0.5,0.15,2,"em","random",20,0.95,TRUE,1,-4561.45577740707,-4561.45577685198
4,0.5,0.15,2,"ml","clustering",6,1,TRUE,1,-6288.62055338305,-6288.62055338064
4,0.5,0.15,2,"ml","perturbation",20,0.75,TRUE,3,-6288.62055338064,-6288.62055338064
4,0.5,0.15,2,"ml","random_partition",20,0.85,TRUE,1,-6288.62055338065,-6288.62055338064
4,0.5,0.15,2,"ml","random",20,0,FALSE,NA,-6352.98221015156,-6288.62055338064
4,0.5,0.15,2,"em","clustering",6,1,TRUE,1,-6288.62055582124,-6288.62055338064
4,0.5,0.15,2,"em","perturbation",20,1,TRUE,1,-6288.6205557571,-6288.62055338064
4,0.5,0.15,2,"em","random_partition",20,1,TRUE,1,-6288.62055568673,-6288.62055338064
4,0.5,0.15,2,"em","random",20,1,TRUE,1,-6288.62055566225,-6288.62055338064
5,0.5,0.15,2,"ml","clustering",6,0.833333333333333,TRUE,1,-7770.5268321041,-7770.5268321041
5,0.5,0.15,2,"ml","perturbation",20,0.5,TRUE,2,-7770.52683210726,-7770.5268321041
5,0.5,0.15,2,"ml","random_partition",20,0.5,TRUE,1,-7770.52683211964,-7770.5268321041
5,0.5,0.15,2,"ml","random",20,0,FALSE,NA,-7790.63879999039,-7770.5268321041
5,0.5,0.15,2,"em","clustering",6,0.833333333333333,TRUE,1,-7770.5268505502,-7770.5268321041
5,0.5,0.15,2,"em","perturbation",20,0.95,TRUE,1,-7770.52685070265,-7770.5268321041
5,0.5,0.15,2,"em","random_partition",20,1,TRUE,1,-7770.52685063562,-7770.5268321041
5,0.5,0.15,2,"em","random",20,0.8,TRUE,1,-7770.52685075656,-7770.5268321041
3,0.75,0.15,2,"ml","clustering",6,1,TRUE,1,-4137.14591661516,-4137.14591661514
3,0.75,0.15,2,"ml","perturbation",20,0.95,TRUE,1,-4137.14591661515,-4137.14591661514
3,0.75,0.15,2,"ml","random_partition",20,1,TRUE,1,-4137.14591661514,-4137.14591661514
3,0.75,0.15,2,"ml","random",20,0.5,TRUE,3,-4137.14591661515,-4137.14591661514
3,0.75,0.15,2,"em","clustering",6,1,TRUE,1,-4137.14591684974,-4137.14591661514
3,0.75,0.15,2,"em","perturbation",20,1,TRUE,1,-4137.14591675304,-4137.14591661514
3,0.75,0.15,2,"em","random_partition",20,1,TRUE,1,-4137.14591671184,-4137.14591661514
3,0.75,0.15,2,"em","random",20,1,TRUE,1,-4137.14591677393,-4137.14591661514
4,0.75,0.15,2,"ml","clustering",6,1,TRUE,1,-5725.80594539239,-5725.80594539239
4,0.75,0.15,2,"ml","perturbation",20,0.85,TRUE,1,-5725.80594539258,-5725.80594539239
4,0.75,0.15,2,"ml","random_partition",20,0.8,TRUE,1,-5725.80594539246,-5725.80594539239
4,0.75,0.15,2,"ml","random",20,0.2,TRUE,5,-5725.80594539246,-5725.80594539239
4,0.75,0.15,2,"em","clustering",6,1,TRUE,1,-5725.80594602215,-5725.80594539239
4,0.75,0.15,2,"em","perturbation",20,1,TRUE,1,-5725.80594598391,-5725.80594539239
4,0.75,0.15,2,"em","random_partition",20,1,TRUE,1,-5725.80594595751,-5725.80594539239
4,0.75,0.15,2,"em","random",20,1,TRUE,1,-5725.80594603139,-5725.80594539239
5,0.75,0.15,2,"ml","clustering",6,1,TRUE,1,-7282.03188073478,-7282.03188073424
5,0.75,0.15,2,"ml","perturbation",20,0.8,TRUE,1,-7282.03188073449,-7282.03188073424
5,0.75,0.15,2,"ml","random_partition",20,0.7,TRUE,5,-7282.03188073424,-7282.03188073424
5,0.75,0.15,2,"ml","random",20,0.15,TRUE,1,-7282.03188081139,-7282.03188073424
5,0.75,0.15,2,"em","clustering",6,1,TRUE,1,-7282.03188202583,-7282.03188073424
5,0.75,0.15,2,"em","perturbation",20,1,TRUE,1,-7282.03188197067,-7282.03188073424
5,0.75,0.15,2,"em","random_partition",20,1,TRUE,1,-7282.03188187735,-7282.03188073424
5,0.75,0.15,2,"em","random",20,0.8,TRUE,1,-7282.03188193121,-7282.03188073424
3,1,0.15,2,"ml","clustering",6,0.833333333333333,TRUE,1,-3750.78484983423,-3750.78484983423
3,1,0.15,2,"ml","perturbation",20,0.95,TRUE,1,-3750.78484983432,-3750.78484983423
3,1,0.15,2,"ml","random_partition",20,0.95,TRUE,1,-3750.78484983438,-3750.78484983423
3,1,0.15,2,"ml","random",20,0.55,TRUE,5,-3750.78484983427,-3750.78484983423
3,1,0.15,2,"em","clustering",6,0.833333333333333,TRUE,1,-3750.7848500738,-3750.78484983423
3,1,0.15,2,"em","perturbation",20,1,TRUE,1,-3750.78484994432,-3750.78484983423
3,1,0.15,2,"em","random_partition",20,1,TRUE,1,-3750.78484996921,-3750.78484983423
3,1,0.15,2,"em","random",20,1,TRUE,1,-3750.78484990615,-3750.78484983423
4,1,0.15,2,"ml","clustering",6,1,TRUE,1,-5260.29074433187,-5260.29074433158
4,1,0.15,2,"ml","perturbation",20,0.9,TRUE,1,-5260.29074433159,-5260.29074433158
4,1,0.15,2,"ml","random_partition",20,0.9,TRUE,1,-5260.29074433158,-5260.29074433158
4,1,0.15,2,"ml","random",20,0.35,TRUE,1,-5260.29074433159,-5260.29074433158
4,1,0.15,2,"em","clustering",6,0.833333333333333,TRUE,1,-5260.29074457972,-5260.29074433158
4,1,0.15,2,"em","perturbation",20,1,TRUE,1,-5260.29074446242,-5260.29074433158
4,1,0.15,2,"em","random_partition",20,1,TRUE,1,-5260.29074450386,-5260.29074433158
4,1,0.15,2,"em","random",20,0.9,TRUE,1,-5260.2907445337,-5260.29074433158
5,1,0.15,2,"ml","clustering",6,1,TRUE,1,-6771.32423686314,-6771.32423686265
5,1,0.15,2,"ml","perturbation",20,0.7,TRUE,3,-6771.32423686283,-6771.32423686265
5,1,0.15,2,"ml","random_partition",20,0.45,TRUE,1,-6771.32423686265,-6771.32423686265
5,1,0.15,2,"ml","random",20,0,FALSE,NA,-6907.62576055419,-6771.32423686265
5,1,0.15,2,"em","clustering",6,1,TRUE,1,-6771.3242382629,-6771.32423686265
5,1,0.15,2,"em","perturbation",20,0.95,TRUE,1,-6771.32423763136,-6771.32423686265
5,1,0.15,2,"em","random_partition",20,0.95,TRUE,1,-6771.32423757576,-6771.32423686265
5,1,0.15,2,"em","random",20,0.95,TRUE,1,-6771.32423768988,-6771.32423686265
3,0.5,0.25,2,"ml","clustering",6,1,TRUE,1,-4655.1960451923,-4655.19604519171
3,0.5,0.25,2,"ml","perturbation",20,0.9,TRUE,1,-4655.19604519171,-4655.19604519171
3,0.5,0.25,2,"ml","random_partition",20,0.95,TRUE,1,-4655.19604519171,-4655.19604519171
3,0.5,0.25,2,"ml","random",20,0.45,TRUE,1,-4655.19604519172,-4655.19604519171
3,0.5,0.25,2,"em","clustering",6,1,TRUE,1,-4655.19604626201,-4655.19604519171
3,0.5,0.25,2,"em","perturbation",20,1,TRUE,1,-4655.19604634293,-4655.19604519171
3,0.5,0.25,2,"em","random_partition",20,1,TRUE,1,-4655.19604622511,-4655.19604519171
3,0.5,0.25,2,"em","random",20,1,TRUE,1,-4655.19604614716,-4655.19604519171
4,0.5,0.25,2,"ml","clustering",6,1,TRUE,1,-6231.9118984245,-6231.9118984219
4,0.5,0.25,2,"ml","perturbation",20,0.75,TRUE,2,-6231.9118984219,-6231.9118984219
4,0.5,0.25,2,"ml","random_partition",20,0.95,TRUE,1,-6231.91189842293,-6231.9118984219
4,0.5,0.25,2,"ml","random",20,0.25,TRUE,3,-6231.91189842385,-6231.9118984219
4,0.5,0.25,2,"em","clustering",6,1,TRUE,1,-6231.91190180944,-6231.9118984219
4,0.5,0.25,2,"em","perturbation",20,1,TRUE,1,-6231.91190068231,-6231.9118984219
4,0.5,0.25,2,"em","random_partition",20,1,TRUE,1,-6231.91190127168,-6231.9118984219
4,0.5,0.25,2,"em","random",20,0.95,TRUE,1,-6231.91190078397,-6231.9118984219
5,0.5,0.25,2,"ml","clustering",6,0.5,TRUE,1,-7909.9618297916,-7909.96182978241
5,0.5,0.25,2,"ml","perturbation",20,0.1,TRUE,13,-7909.96182978241,-7909.96182978241
5,0.5,0.25,2,"ml","random_partition",20,0.15,TRUE,12,-7909.96182981336,-7909.96182978241
5,0.5,0.25,2,"ml","random",20,0.05,TRUE,11,-7909.96183083878,-7909.96182978241
5,0.5,0.25,2,"em","clustering",6,0.5,TRUE,1,-7909.96183730158,-7909.96182978241
5,0.5,0.25,2,"em","perturbation",20,0.75,TRUE,1,-7909.96183676098,-7909.96182978241
5,0.5,0.25,2,"em","random_partition",20,0.7,TRUE,1,-7909.96183666251,-7909.96182978241
5,0.5,0.25,2,"em","random",20,0.65,TRUE,1,-7909.96183570443,-7909.96182978241
3,0.75,0.25,2,"ml","clustering",6,1,TRUE,1,-4235.74063854958,-4235.74063854958
3,0.75,0.25,2,"ml","perturbation",20,1,TRUE,1,-4235.74063854961,-4235.74063854958
3,0.75,0.25,2,"ml","random_partition",20,1,TRUE,1,-4235.7406385499,-4235.74063854958
3,0.75,0.25,2,"ml","random",20,0.4,TRUE,1,-4235.74063854964,-4235.74063854958
3,0.75,0.25,2,"em","clustering",6,1,TRUE,1,-4235.7406387486,-4235.74063854958
3,0.75,0.25,2,"em","perturbation",20,1,TRUE,1,-4235.74063872533,-4235.74063854958
3,0.75,0.25,2,"em","random_partition",20,1,TRUE,1,-4235.74063860668,-4235.74063854958
3,0.75,0.25,2,"em","random",20,1,TRUE,1,-4235.74063874395,-4235.74063854958
4,0.75,0.25,2,"ml","clustering",6,1,TRUE,1,-5863.47136733935,-5863.47136733895
4,0.75,0.25,2,"ml","perturbation",20,1,TRUE,1,-5863.47136733895,-5863.47136733895
4,0.75,0.25,2,"ml","random_partition",20,0.85,TRUE,1,-5863.47136733962,-5863.47136733895
4,0.75,0.25,2,"ml","random",20,0.2,TRUE,1,-5863.4713673447,-5863.47136733895
4,0.75,0.25,2,"em","clustering",6,1,TRUE,1,-5863.47136831672,-5863.47136733895
4,0.75,0.25,2,"em","perturbation",20,1,TRUE,1,-5863.47136814734,-5863.47136733895
4,0.75,0.25,2,"em","random_partition",20,1,TRUE,1,-5863.47136806893,-5863.47136733895
4,0.75,0.25,2,"em","random",20,0.95,TRUE,1,-5863.47136821418,-5863.47136733895
5,0.75,0.25,2,"ml","clustering",6,1,TRUE,1,-7375.22283802814,-7375.22283802543
5,0.75,0.25,2,"ml","perturbation",20,0.8,TRUE,1,-7375.22283802543,-7375.22283802543
5,0.75,0.25,2,"ml","random_partition",20,0.65,TRUE,1,-7375.22283802554,-7375.22283802543
5,0.75,0.25,2,"ml","random",20,0.05,TRUE,1,-7375.22283803715,-7375.22283802543
5,0.75,0.25,2,"em","clustering",6,1,TRUE,1,-7375.22284169083,-7375.22283802543
5,0.75,0.25,2,"em","perturbation",20,1,TRUE,1,-7375.22284143191,-7375.22283802543
5,0.75,0.25,2,"em","random_partition",20,1,TRUE,1,-7375.22284037921,-7375.22283802543
5,0.75,0.25,2,"em","random",20,0.95,TRUE,1,-7375.22284156062,-7375.22283802543
3,1,0.25,2,"ml","clustering",6,1,TRUE,1,-3874.60818274286,-3874.60818274286
3,1,0.25,2,"ml","perturbation",20,0.9,TRUE,1,-3874.60818274286,-3874.60818274286
3,1,0.25,2,"ml","random_partition",20,1,TRUE,1,-3874.60818274288,-3874.60818274286
3,1,0.25,2,"ml","random",20,0.65,TRUE,1,-3874.60818274286,-3874.60818274286
3,1,0.25,2,"em","clustering",6,1,TRUE,1,-3874.60818300111,-3874.60818274286
3,1,0.25,2,"em","perturbation",20,1,TRUE,1,-3874.60818287538,-3874.60818274286
3,1,0.25,2,"em","random_partition",20,1,TRUE,1,-3874.6081829253,-3874.60818274286
3,1,0.25,2,"em","random",20,0.95,TRUE,1,-3874.60818284351,-3874.60818274286
4,1,0.25,2,"ml","clustering",6,0.666666666666667,TRUE,1,-5431.10454935935,-5431.10454935935
4,1,0.25,2,"ml","perturbation",20,0.75,TRUE,1,-5431.10454935947,-5431.10454935935
4,1,0.25,2,"ml","random_partition",20,0.85,TRUE,1,-5431.1045493594,-5431.10454935935
4,1,0.25,2,"ml","random",20,0.3,TRUE,8,-5431.10454935944,-5431.10454935935
4,1,0.25,2,"em","clustering",6,1,TRUE,1,-5431.10454947652,-5431.10454935935
4,1,0.25,2,"em","perturbation",20,1,TRUE,1,-5431.10454958933,-5431.10454935935
4,1,0.25,2,"em","random_partition",20,1,TRUE,1,-5431.10454945094,-5431.10454935935
4,1,0.25,2,"em","random",20,1,TRUE,1,-5431.10454958877,-5431.10454935935
5,1,0.25,2,"ml","clustering",6,1,TRUE,1,-6953.44863880284,-6953.44863880284
5,1,0.25,2,"ml","perturbation",20,0.9,TRUE,1,-6953.44863880292,-6953.44863880284
5,1,0.25,2,"ml","random_partition",20,0.7,TRUE,2,-6953.44863880284,-6953.44863880284
5,1,0.25,2,"ml","random",20,0.25,TRUE,4,-6953.44863880292,-6953.44863880284
5,1,0.25,2,"em","clustering",6,1,TRUE,1,-6953.4486400308,-6953.44863880284
5,1,0.25,2,"em","perturbation",20,0.95,TRUE,1,-6953.44863954156,-6953.44863880284
5,1,0.25,2,"em","random_partition",20,1,TRUE,1,-6953.44863974667,-6953.44863880284
5,1,0.25,2,"em","random",20,0.9,TRUE,1,-6953.44863930413,-6953.44863880284
