"cell","true_K","kappa","sigma","rep","seed","mnl_bic","lc_bic","lc_C","mmnl_bic","winner","lcmnl_overselects"
"skew",1,0,0.25,1,32501,6664.70186690009,6637.3251581025,2,6580.21861797602,"MMNL",TRUE
"skew",1,0,0.4,1,34001,6762.95403036355,6646.83854884473,4,6567.76020907754,"MMNL",TRUE
"skew",1,0,0.25,2,32502,6699.52082046669,6686.5725831296,3,6615.0000932896,"MMNL",TRUE
"skew",1,0,0.4,2,34002,6767.23648520415,6607.59976072275,5,6555.67588413308,"MMNL",TRUE
"skew",1,0,0.25,3,32503,6745.99843849046,6715.91677985376,3,6671.92640016594,"MMNL",TRUE
"skew",1,0,0.4,3,34003,6849.33166592862,6733.10948767976,4,6647.53794361907,"MMNL",TRUE
"skew",1,0,0.25,4,32504,6603.30618932715,6583.21032409638,3,6538.95958496107,"MMNL",TRUE
"skew",1,0,0.4,4,34004,6881.9099815362,6722.811187793,4,6634.20760160507,"MMNL",TRUE
"skew",1,0,0.25,5,32505,6677.70116452479,6657.05309616019,2,6581.49797734553,"MMNL",TRUE
"skew",1,0,0.4,5,34005,6816.58377950546,6654.45629820638,4,6538.18403574666,"MMNL",TRUE
"skew",1,0,0.25,6,32506,6673.37688518632,6654.84806186965,2,6631.25403539174,"MMNL",TRUE
"skew",1,0,0.4,6,34006,6770.94322478782,6604.91971735686,4,6524.63191804901,"MMNL",TRUE
"skew",1,0,0.25,7,32507,6601.61036370696,6571.33566295928,3,6515.52855481195,"MMNL",TRUE
"skew",1,0,0.4,7,34007,6934.89670063429,6797.94828551363,4,6676.19736637907,"MMNL",TRUE
"skew",1,0,0.25,8,32508,6696.16615791804,6675.13538078778,2,6622.42715576262,"MMNL",TRUE
"skew",1,0,0.4,8,34008,6784.98043127533,6657.73885591458,5,6568.27289457352,"MMNL",TRUE
"skew",1,0,0.25,9,32509,6574.80252007472,6555.295308507,2,6502.79209477777,"MMNL",TRUE
"skew",1,0,0.4,9,34009,6825.57798086363,6661.87674162495,5,6542.15592607677,"MMNL",TRUE
"skew",1,0,0.25,10,32510,6469.00306403997,6456.61622015285,2,6420.87632778409,"MMNL",TRUE
"skew",1,0,0.4,10,34010,6733.51335725827,6627.95942763593,4,6547.10283052507,"MMNL",TRUE
"overlap",2,0.5,0.3,1,34001,6856.02958747472,6107.39180570713,2,6180.90748599623,"LCMNL",TRUE
"overlap",2,0.5,0.4,1,35001,7010.45753122926,6297.81298961634,5,6266.88374115438,"MMNL",TRUE
"overlap",2,0.5,0.3,2,34002,6771.39247755626,6175.60903049638,2,6234.47878197682,"LCMNL",TRUE
"overlap",2,0.5,0.4,2,35002,6968.56015273845,6378.03151013938,4,6311.65992020141,"MMNL",TRUE
"overlap",2,0.5,0.3,3,34003,6792.24437898565,6116.85143651838,3,6112.18180909493,"MMNL",TRUE
"overlap",2,0.5,0.4,3,35003,6821.5518808905,6119.47590861703,4,6076.80472695744,"MMNL",TRUE
"overlap",2,0.5,0.3,4,34004,6835.99637617464,6194.53409135009,4,6238.71203406947,"LCMNL",TRUE
"overlap",2,0.5,0.4,4,35004,6860.98401011896,6290.12713985577,5,6212.34335038983,"MMNL",TRUE
"overlap",2,0.5,0.3,5,34005,6912.17436136131,6222.61950123773,3,6297.84234859997,"LCMNL",TRUE
"overlap",2,0.5,0.4,5,35005,6905.70789595715,6231.29555060674,5,6213.13481960515,"MMNL",TRUE
"overlap",2,0.5,0.3,6,34006,6911.34875253234,6179.13826962912,2,6279.5903950888,"LCMNL",TRUE
"overlap",2,0.5,0.4,6,35006,6880.86767869051,6192.91232762265,4,6156.73883395386,"MMNL",TRUE
"overlap",2,0.5,0.3,7,34007,6783.81642132809,6168.78545985917,3,6187.21626438429,"LCMNL",TRUE
"overlap",2,0.5,0.4,7,35007,6937.35258504826,6220.79973830949,5,6167.93921467202,"MMNL",TRUE
"overlap",2,0.5,0.3,8,34008,6904.32107240667,6173.42415654693,3,6260.94623627835,"LCMNL",TRUE
"overlap",2,0.5,0.4,8,35008,6877.95770068357,6174.44511372969,3,6197.05804919358,"LCMNL",TRUE
"overlap",2,0.5,0.3,9,34009,6897.70949532236,6153.98389543892,3,6269.9502512765,"LCMNL",TRUE
"overlap",2,0.5,0.4,9,35009,6928.48189376132,6273.06787050796,3,6241.97820049126,"MMNL",TRUE
"overlap",2,0.5,0.3,10,34010,6830.39258759389,6150.76841969588,4,6197.82295900522,"LCMNL",TRUE
"overlap",2,0.5,0.4,10,35010,6918.67633684662,6203.9546870112,4,6173.31652069773,"MMNL",TRUE
