"K","kappa","sigma","rp_at_global","oh_at_global","random_pct_global","rp_LL","oh_LL","best_LL","gap_rp_oh"
3,0.5,0.15,TRUE,TRUE,0.42,-4627.22587347559,-4627.22587347559,-4627.22587347558,0.00000000000272848410531878
4,0.5,0.15,TRUE,TRUE,0.04,-6258.14427136075,-6258.14427136478,-6258.14427136032,0.00000000403269950766116
5,0.5,0.15,TRUE,TRUE,0,-7691.91976522877,-7691.91976523514,-7691.91976522877,0.00000000637010089121759
3,0.75,0.15,TRUE,TRUE,0.54,-4106.58177609128,-4106.5817760919,-4106.58177609128,0.000000000616637407802045
4,0.75,0.15,TRUE,TRUE,0.18,-5829.17762645957,-5829.17762645982,-5829.17762645957,0.000000000253749021794647
5,0.75,0.15,TRUE,TRUE,0.1,-7290.03320111823,-7290.03320112161,-7290.03320111823,0.00000000337786332238466
3,1,0.15,TRUE,TRUE,0.44,-3806.21293456616,-3806.21293456643,-3806.21293456615,0.000000000269665179075673
4,1,0.15,TRUE,TRUE,0.32,-5367.24841914252,-5367.2484191426,-5367.24841914223,0.0000000000864019966684282
5,1,0.15,TRUE,TRUE,0.14,-6810.6923623863,-6810.69236238584,-6810.69236238547,-0.000000000457475834991783
3,0.5,0.25,TRUE,TRUE,0.34,-4563.89615125215,-4563.89615125298,-4563.89615125212,0.000000000830368662718683
4,0.5,0.25,TRUE,TRUE,0.14,-6320.53572780322,-6320.53572780321,-6320.53572779864,-0.0000000000154614099301398
5,0.5,0.25,TRUE,TRUE,0,-7822.09372851516,-7822.09372853508,-7822.09372851516,0.0000000199233909370378
3,0.75,0.25,TRUE,TRUE,0.46,-4284.95362589709,-4284.95362589719,-4284.95362589709,0.000000000104591890703887
4,0.75,0.25,TRUE,TRUE,0.22,-5842.15576442029,-5842.15576442045,-5842.15576441979,0.000000000163709046319127
5,0.75,0.25,TRUE,TRUE,0.04,-7391.3453674524,-7391.34536749334,-7391.3453674524,0.0000000409390850109048
3,1,0.25,TRUE,TRUE,0.62,-3997.5025870014,-3997.5025870015,-3997.5025870014,0.000000000103682396002114
4,1,0.25,TRUE,TRUE,0.32,-5445.37787295489,-5445.37787295478,-5445.37787295478,-0.000000000106410880107433
5,1,0.25,TRUE,TRUE,0.2,-7033.89056351274,-7033.89056351353,-7033.89056351274,0.000000000790350895840675
3,0.5,0.15,TRUE,TRUE,0.22,-4561.45577685198,-4561.4557768524,-4561.45577685198,0.000000000412910594604909
4,0.5,0.15,TRUE,TRUE,0.12,-6288.62055338305,-6288.62055338414,-6288.62055338271,0.00000000109321263153106
5,0.5,0.15,TRUE,TRUE,0.02,-7770.5268321041,-7770.52683210699,-7770.5268321041,0.00000000288946466753259
3,0.75,0.15,TRUE,TRUE,0.44,-4137.14591661516,-4137.14591661558,-4137.14591661515,0.000000000427462509833276
4,0.75,0.15,TRUE,TRUE,0.24,-5725.80594539239,-5725.80594539432,-5725.80594539239,0.00000000192267179954797
5,0.75,0.15,TRUE,TRUE,0.14,-7282.03188073478,-7282.03188074435,-7282.03188073478,0.00000000957788870437071
3,1,0.15,TRUE,TRUE,0.62,-3750.78484983423,-3750.78484983445,-3750.78484983423,0.000000000214640749618411
4,1,0.15,TRUE,TRUE,0.26,-5260.29074433187,-5260.29074433159,-5260.29074433159,-0.0000000002855813363567
5,1,0.15,TRUE,TRUE,0.06,-6771.32423686314,-6771.32423686334,-6771.32423686314,0.00000000020190782379359
3,0.5,0.25,TRUE,TRUE,0.4,-4655.1960451923,-4655.19604519543,-4655.19604519171,0.00000000312502379529178
4,0.5,0.25,TRUE,TRUE,0.18,-6231.9118984245,-6231.91189842188,-6231.91189842188,-0.00000000261479726759717
5,0.5,0.25,TRUE,FALSE,0.04,-7909.9618297916,-7926.59210972153,-7909.9618297916,16.6302799299356
3,0.75,0.25,TRUE,TRUE,0.44,-4235.74063854958,-4235.74063854965,-4235.74063854958,0.0000000000736690708436072
4,0.75,0.25,TRUE,TRUE,0.2,-5863.47136733935,-5863.4713673401,-5863.47136733925,0.000000000743966666050255
5,0.75,0.25,TRUE,TRUE,0.06,-7375.22283802814,-7375.22283804574,-7375.22283802695,0.0000000176041794475168
3,1,0.25,TRUE,TRUE,0.56,-3874.60818274286,-3874.60818274385,-3874.60818274286,0.000000000985437509370968
4,1,0.25,TRUE,TRUE,0.38,-5431.10454935935,-5431.10454935931,-5431.10454935931,-0.0000000000391082721762359
5,1,0.25,TRUE,TRUE,0.24,-6953.44863880284,-6953.44863880646,-6953.44863880284,0.00000000361796992365271
