"sigma","rep","mnl_bic","lc_bic","lc_C","mmnl_bic","winner","lcmnl_overselects"
0.15,1,6700.55388173988,6719.38393656103,2,6698.84718063326,"MMNL.model",FALSE
0.25,1,6703.84406428984,6701.90897671068,2,6639.30137192545,"MMNL.model",TRUE
0.35,1,6720.06775838122,6593.48614707711,4,6432.91223983645,"MMNL.model",TRUE
0.15,2,6753.21842322527,6769.76455414326,2,6743.18484047876,"MMNL.model",FALSE
0.25,2,6752.89720806961,6744.58363493103,2,6657.34382919375,"MMNL.model",TRUE
0.35,2,6701.5407767718,6551.67659215687,4,6455.72020822916,"MMNL.model",TRUE
0.15,3,6604.14220965559,6623.55992643726,2,6595.59113647498,"MMNL.model",FALSE
0.25,3,6824.16918639043,6804.66260169112,3,6736.56899172348,"MMNL.model",TRUE
0.35,3,6808.86264259629,6622.93824265508,4,6517.42577239387,"MMNL.model",TRUE
