"ladder","rung","seed","cell_seed","method","LL_stored","LL_now","diff","reproduced","klue_screen","secs_now","converged","note","data_ok","R_version","klue_version","apollo_version","gmnl_version","mlogit_version","date"
"blocked","moderate",1,11501,"klue_ml",-2351.7176329,-2351.717634,-1.1e-06,TRUE,TRUE,2.4,TRUE,"",TRUE,"4.3.1","0.10.0","0.3.5","1.1-3.2","1.0-3.1","2026-10-06 21:43"
"blocked","moderate",1,11501,"klue_ml",-2351.7176329,-2351.7176329,0,TRUE,FALSE,2.7,TRUE,"",TRUE,"4.3.1","0.10.0","0.3.5","1.1-3.2","1.0-3.1","2026-10-06 23:26"
"blocked","moderate",1,11501,"klue_em",-2351.7176336,-2351.7176336,1.1e-10,TRUE,TRUE,7.6,TRUE,"",TRUE,"4.3.1","0.10.0","0.3.5","1.1-3.2","1.0-3.1","2026-10-06 21:44"
"blocked","moderate",1,11501,"klue_em_rp",-2351.7176334,-2351.7176334,0,TRUE,TRUE,7.5,TRUE,"",TRUE,"4.3.1","0.10.0","0.3.5","1.1-3.2","1.0-3.1","2026-10-06 22:09"
"blocked","moderate",1,11501,"gmnl_lc",-2351.7176428,-2351.7176428,0,TRUE,NA,3.1,FALSE,"",TRUE,"4.3.1","0.10.0","0.3.5","1.1-3.2","1.0-3.1","2026-10-06 22:33"
"blocked","moderate",1,11501,"apollo_ss_published",-2351.7176329,-2351.7176329,0,TRUE,NA,446.2,TRUE,"",TRUE,"4.3.1","0.10.0","0.3.5","1.1-3.2","1.0-3.1","2026-10-06 22:52"
"blocked","moderate",2,11502,"klue_ml",-2312.4555065,-2312.455507,-4.98e-07,TRUE,TRUE,2.3,TRUE,"",TRUE,"4.3.1","0.10.0","0.3.5","1.1-3.2","1.0-3.1","2026-10-06 21:43"
"blocked","moderate",2,11502,"klue_ml",-2312.4555065,-2312.4555065,0,TRUE,FALSE,2.4,TRUE,"",TRUE,"4.3.1","0.10.0","0.3.5","1.1-3.2","1.0-3.1","2026-10-06 23:26"
"blocked","moderate",2,11502,"klue_em",-2312.455507,-2312.4555073,-2.77e-07,TRUE,TRUE,11.3,TRUE,"",TRUE,"4.3.1","0.10.0","0.3.5","1.1-3.2","1.0-3.1","2026-10-06 21:45"
"blocked","moderate",2,11502,"klue_em_rp",-2312.4555071,-2312.4555071,0,TRUE,TRUE,8.1,TRUE,"",TRUE,"4.3.1","0.10.0","0.3.5","1.1-3.2","1.0-3.1","2026-10-06 22:09"
"blocked","moderate",2,11502,"gmnl_lc",-2312.4555379,-2312.4555379,0,TRUE,NA,5.1,FALSE,"",TRUE,"4.3.1","0.10.0","0.3.5","1.1-3.2","1.0-3.1","2026-10-06 22:33"
"blocked","moderate",2,11502,"apollo_ss_published",-2374.2962306,-2374.2962306,0,TRUE,NA,485.3,TRUE,"",TRUE,"4.3.1","0.10.0","0.3.5","1.1-3.2","1.0-3.1","2026-10-06 22:45"
"blocked","moderate",3,11503,"klue_ml",-2335.5839941,-2335.5839947,-6.1e-07,TRUE,TRUE,1.8,TRUE,"",TRUE,"4.3.1","0.10.0","0.3.5","1.1-3.2","1.0-3.1","2026-10-06 21:43"
"blocked","moderate",3,11503,"klue_ml",-2335.5839941,-2335.5839941,0,TRUE,FALSE,1.8,TRUE,"",TRUE,"4.3.1","0.10.0","0.3.5","1.1-3.2","1.0-3.1","2026-10-06 23:26"
"blocked","moderate",3,11503,"klue_em",-2335.5839962,-2335.5839955,6.97e-07,TRUE,TRUE,9.6,TRUE,"",TRUE,"4.3.1","0.10.0","0.3.5","1.1-3.2","1.0-3.1","2026-10-06 21:45"
"blocked","moderate",3,11503,"klue_em_rp",-2335.5839951,-2335.5839951,0,TRUE,TRUE,9.1,TRUE,"",TRUE,"4.3.1","0.10.0","0.3.5","1.1-3.2","1.0-3.1","2026-10-06 22:09"
"blocked","moderate",3,11503,"gmnl_lc",-2335.5840057,-2335.5840057,0,TRUE,NA,4.1,FALSE,"",TRUE,"4.3.1","0.10.0","0.3.5","1.1-3.2","1.0-3.1","2026-10-06 22:34"
"blocked","moderate",4,11504,"klue_ml",-2368.1020722,-2368.1020733,-1.11e-06,TRUE,TRUE,1.8,TRUE,"",TRUE,"4.3.1","0.10.0","0.3.5","1.1-3.2","1.0-3.1","2026-10-06 21:43"
"blocked","moderate",4,11504,"klue_ml",-2368.1020722,-2368.1020722,0,TRUE,FALSE,1.9,TRUE,"",TRUE,"4.3.1","0.10.0","0.3.5","1.1-3.2","1.0-3.1","2026-10-06 23:26"
"blocked","moderate",4,11504,"klue_em",-2368.1020735,-2368.1020735,3.04e-10,TRUE,TRUE,10.6,TRUE,"",TRUE,"4.3.1","0.10.0","0.3.5","1.1-3.2","1.0-3.1","2026-10-06 21:45"
"blocked","moderate",4,11504,"klue_em_rp",-2368.102073,-2368.102073,0,TRUE,TRUE,9,TRUE,"",TRUE,"4.3.1","0.10.0","0.3.5","1.1-3.2","1.0-3.1","2026-10-06 22:09"
"blocked","moderate",4,11504,"gmnl_lc",-2368.1022092,-2368.1022092,0,TRUE,NA,3.5,FALSE,"",TRUE,"4.3.1","0.10.0","0.3.5","1.1-3.2","1.0-3.1","2026-10-06 22:34"
"blocked","moderate",5,11505,"klue_ml",-2362.525014,-2362.5250145,-5.84e-07,TRUE,TRUE,1.7,TRUE,"",TRUE,"4.3.1","0.10.0","0.3.5","1.1-3.2","1.0-3.1","2026-10-06 21:43"
"blocked","moderate",5,11505,"klue_ml",-2362.525014,-2362.525014,0,TRUE,FALSE,1.7,TRUE,"",TRUE,"4.3.1","0.10.0","0.3.5","1.1-3.2","1.0-3.1","2026-10-06 23:26"
"blocked","moderate",5,11505,"klue_em",-2362.5250145,-2362.5250145,-8.19e-12,TRUE,TRUE,6.8,TRUE,"",TRUE,"4.3.1","0.10.0","0.3.5","1.1-3.2","1.0-3.1","2026-10-06 21:45"
"blocked","moderate",5,11505,"klue_em_rp",-2362.5250146,-2362.5250146,0,TRUE,TRUE,8.4,TRUE,"",TRUE,"4.3.1","0.10.0","0.3.5","1.1-3.2","1.0-3.1","2026-10-06 22:09"
"blocked","moderate",5,11505,"gmnl_lc",-2362.5250274,-2362.5250274,0,TRUE,NA,4.2,FALSE,"",TRUE,"4.3.1","0.10.0","0.3.5","1.1-3.2","1.0-3.1","2026-10-06 22:34"
"blocked","moderate",6,11506,"klue_ml",-2354.4669693,-2354.4669696,-3.3e-07,TRUE,TRUE,1.9,TRUE,"",TRUE,"4.3.1","0.10.0","0.3.5","1.1-3.2","1.0-3.1","2026-10-06 21:43"
"blocked","moderate",6,11506,"klue_ml",-2354.4669693,-2354.4669693,0,TRUE,FALSE,1.9,TRUE,"",TRUE,"4.3.1","0.10.0","0.3.5","1.1-3.2","1.0-3.1","2026-10-06 23:26"
"blocked","moderate",6,11506,"klue_em",-2354.4669701,-2354.4669701,1.06e-09,TRUE,TRUE,7.8,TRUE,"",TRUE,"4.3.1","0.10.0","0.3.5","1.1-3.2","1.0-3.1","2026-10-06 21:45"
"blocked","moderate",6,11506,"klue_em_rp",-2354.46697,-2354.46697,0,TRUE,TRUE,9.1,TRUE,"",TRUE,"4.3.1","0.10.0","0.3.5","1.1-3.2","1.0-3.1","2026-10-06 22:09"
"blocked","moderate",6,11506,"gmnl_lc",-2354.4669693,-2354.4669693,0,TRUE,NA,3.3,FALSE,"",TRUE,"4.3.1","0.10.0","0.3.5","1.1-3.2","1.0-3.1","2026-10-06 22:34"
"blocked","moderate",7,11507,"klue_ml",-2372.7132894,-2372.7132895,-1.59e-07,TRUE,TRUE,1.9,TRUE,"",TRUE,"4.3.1","0.10.0","0.3.5","1.1-3.2","1.0-3.1","2026-10-06 21:43"
"blocked","moderate",7,11507,"klue_ml",-2372.7132894,-2372.7132894,0,TRUE,FALSE,1.9,TRUE,"",TRUE,"4.3.1","0.10.0","0.3.5","1.1-3.2","1.0-3.1","2026-10-06 23:26"
"blocked","moderate",7,11507,"klue_em",-2372.7132912,-2372.7132911,1.53e-07,TRUE,TRUE,11.1,TRUE,"",TRUE,"4.3.1","0.10.0","0.3.5","1.1-3.2","1.0-3.1","2026-10-06 21:45"
"blocked","moderate",7,11507,"klue_em_rp",-2372.7132908,-2372.7132908,0,TRUE,TRUE,15.3,TRUE,"",TRUE,"4.3.1","0.10.0","0.3.5","1.1-3.2","1.0-3.1","2026-10-06 22:10"
"blocked","moderate",7,11507,"gmnl_lc",-2372.7136046,-2372.7136046,0,TRUE,NA,4,FALSE,"",TRUE,"4.3.1","0.10.0","0.3.5","1.1-3.2","1.0-3.1","2026-10-06 22:34"
"blocked","moderate",8,11508,"klue_ml",-2320.4168234,-2320.4168262,-2.74e-06,TRUE,TRUE,2.4,TRUE,"",TRUE,"4.3.1","0.10.0","0.3.5","1.1-3.2","1.0-3.1","2026-10-06 21:43"
"blocked","moderate",8,11508,"klue_ml",-2320.4168234,-2320.4168234,0,TRUE,FALSE,2.5,TRUE,"",TRUE,"4.3.1","0.10.0","0.3.5","1.1-3.2","1.0-3.1","2026-10-06 23:26"
"blocked","moderate",8,11508,"klue_em",-2320.4168263,-2320.4168265,-1.79e-07,TRUE,TRUE,25.3,TRUE,"",TRUE,"4.3.1","0.10.0","0.3.5","1.1-3.2","1.0-3.1","2026-10-06 21:46"
"blocked","moderate",8,11508,"klue_em_rp",-2320.4168262,-2320.4168262,0,TRUE,TRUE,22.1,TRUE,"",TRUE,"4.3.1","0.10.0","0.3.5","1.1-3.2","1.0-3.1","2026-10-06 22:10"
"blocked","moderate",8,11508,"gmnl_lc",-2320.4168689,-2320.4168689,0,TRUE,NA,2.7,FALSE,"",TRUE,"4.3.1","0.10.0","0.3.5","1.1-3.2","1.0-3.1","2026-10-06 22:34"
"blocked","moderate",9,11509,"klue_ml",-2342.0967005,-2342.0967006,-8.03e-08,TRUE,TRUE,1.8,TRUE,"",TRUE,"4.3.1","0.10.0","0.3.5","1.1-3.2","1.0-3.1","2026-10-06 21:43"
"blocked","moderate",9,11509,"klue_ml",-2342.0967005,-2342.0967005,0,TRUE,FALSE,2.2,TRUE,"",TRUE,"4.3.1","0.10.0","0.3.5","1.1-3.2","1.0-3.1","2026-10-06 23:26"
"blocked","moderate",9,11509,"klue_em",-2342.0967021,-2342.0967018,2.72e-07,TRUE,TRUE,10.6,TRUE,"",TRUE,"4.3.1","0.10.0","0.3.5","1.1-3.2","1.0-3.1","2026-10-06 21:46"
"blocked","moderate",9,11509,"klue_em_rp",-2342.096702,-2342.096702,0,TRUE,TRUE,9.9,TRUE,"",TRUE,"4.3.1","0.10.0","0.3.5","1.1-3.2","1.0-3.1","2026-10-06 22:10"
"blocked","moderate",9,11509,"gmnl_lc",-2342.0967533,-2342.0967533,0,TRUE,NA,3.1,FALSE,"",TRUE,"4.3.1","0.10.0","0.3.5","1.1-3.2","1.0-3.1","2026-10-06 22:34"
"blocked","moderate",10,11510,"klue_ml",-2395.3477371,-2395.3477373,-1.19e-07,TRUE,TRUE,1.9,TRUE,"",TRUE,"4.3.1","0.10.0","0.3.5","1.1-3.2","1.0-3.1","2026-10-06 21:43"
"blocked","moderate",10,11510,"klue_ml",-2395.3477371,-2395.3477371,0,TRUE,FALSE,1.8,TRUE,"",TRUE,"4.3.1","0.10.0","0.3.5","1.1-3.2","1.0-3.1","2026-10-06 23:26"
"blocked","moderate",10,11510,"klue_em",-2395.347738,-2395.3477381,-1.24e-07,TRUE,TRUE,9,TRUE,"",TRUE,"4.3.1","0.10.0","0.3.5","1.1-3.2","1.0-3.1","2026-10-06 21:46"
"blocked","moderate",10,11510,"klue_em_rp",-2395.3477382,-2395.3477382,0,TRUE,TRUE,10.7,TRUE,"",TRUE,"4.3.1","0.10.0","0.3.5","1.1-3.2","1.0-3.1","2026-10-06 22:10"
"blocked","moderate",10,11510,"gmnl_lc",-2395.3477663,-2395.3477663,0,TRUE,NA,3,FALSE,"",TRUE,"4.3.1","0.10.0","0.3.5","1.1-3.2","1.0-3.1","2026-10-06 22:34"
"blocked","hard",1,10001,"klue_ml",-3168.9647716,-3168.9647725,-8.53e-07,TRUE,TRUE,3.6,TRUE,"",TRUE,"4.3.1","0.10.0","0.3.5","1.1-3.2","1.0-3.1","2026-10-06 21:43"
"blocked","hard",1,10001,"klue_ml",-3168.9647716,-3168.9647716,0,TRUE,FALSE,3.7,TRUE,"",TRUE,"4.3.1","0.10.0","0.3.5","1.1-3.2","1.0-3.1","2026-10-06 23:26"
"blocked","hard",1,10001,"klue_em",-3168.9647764,-3168.9647765,-2.54e-08,TRUE,TRUE,44.3,TRUE,"",TRUE,"4.3.1","0.10.0","0.3.5","1.1-3.2","1.0-3.1","2026-10-06 21:47"
"blocked","hard",1,10001,"klue_em_rp",-3168.9647767,-3168.9647767,0,TRUE,TRUE,40.1,TRUE,"",TRUE,"4.3.1","0.10.0","0.3.5","1.1-3.2","1.0-3.1","2026-10-06 22:11"
"blocked","hard",1,10001,"gmnl_lc",-3168.9651937,-3168.9651937,0,TRUE,NA,11.4,FALSE,"",TRUE,"4.3.1","0.10.0","0.3.5","1.1-3.2","1.0-3.1","2026-10-06 22:34"
"blocked","hard",1,10001,"apollo_ss_published",-3168.9647717,-3168.9647717,0,TRUE,NA,844.9,TRUE,"",TRUE,"4.3.1","0.10.0","0.3.5","1.1-3.2","1.0-3.1","2026-10-06 23:06"
"blocked","hard",2,10002,"klue_ml",-3087.7705735,-3087.7705738,-2.64e-07,TRUE,TRUE,3.4,TRUE,"",TRUE,"4.3.1","0.10.0","0.3.5","1.1-3.2","1.0-3.1","2026-10-06 21:43"
"blocked","hard",2,10002,"klue_ml",-3087.7705735,-3087.7705735,0,TRUE,FALSE,3.2,TRUE,"",TRUE,"4.3.1","0.10.0","0.3.5","1.1-3.2","1.0-3.1","2026-10-06 23:26"
"blocked","hard",2,10002,"klue_em",-3087.7705857,-3087.7705848,8.1e-07,TRUE,TRUE,53.3,TRUE,"",TRUE,"4.3.1","0.10.0","0.3.5","1.1-3.2","1.0-3.1","2026-10-06 21:48"
"blocked","hard",2,10002,"klue_em_rp",-3087.7705831,-3087.7705831,0,TRUE,TRUE,73,TRUE,"",TRUE,"4.3.1","0.10.0","0.3.5","1.1-3.2","1.0-3.1","2026-10-06 22:12"
"blocked","hard",2,10002,"gmnl_lc",-3097.2659649,-3097.2659649,0,TRUE,NA,8.2,FALSE,"",TRUE,"4.3.1","0.10.0","0.3.5","1.1-3.2","1.0-3.1","2026-10-06 22:34"
"blocked","hard",3,10003,"klue_ml",-3124.6051752,-3124.6051754,-1.76e-07,TRUE,TRUE,3.7,TRUE,"",TRUE,"4.3.1","0.10.0","0.3.5","1.1-3.2","1.0-3.1","2026-10-06 21:43"
"blocked","hard",3,10003,"klue_ml",-3124.6051752,-3124.6051752,0,TRUE,FALSE,3.4,TRUE,"",TRUE,"4.3.1","0.10.0","0.3.5","1.1-3.2","1.0-3.1","2026-10-06 23:26"
"blocked","hard",3,10003,"klue_em",-3124.6051781,-3124.6051788,-7.39e-07,TRUE,TRUE,34.9,TRUE,"",TRUE,"4.3.1","0.10.0","0.3.5","1.1-3.2","1.0-3.1","2026-10-06 21:48"
"blocked","hard",3,10003,"klue_em_rp",-3124.6051785,-3124.6051785,0,TRUE,TRUE,35.6,TRUE,"",TRUE,"4.3.1","0.10.0","0.3.5","1.1-3.2","1.0-3.1","2026-10-06 22:13"
"blocked","hard",3,10003,"gmnl_lc",-3129.7516569,-3129.7516569,0,TRUE,NA,7.8,FALSE,"",TRUE,"4.3.1","0.10.0","0.3.5","1.1-3.2","1.0-3.1","2026-10-06 22:34"
"blocked","hard",4,10004,"klue_ml",-3175.3891359,-3175.3891366,-6.8e-07,TRUE,TRUE,3.4,TRUE,"",TRUE,"4.3.1","0.10.0","0.3.5","1.1-3.2","1.0-3.1","2026-10-06 21:43"
"blocked","hard",4,10004,"klue_ml",-3175.3891359,-3175.3891359,0,TRUE,FALSE,3.1,TRUE,"",TRUE,"4.3.1","0.10.0","0.3.5","1.1-3.2","1.0-3.1","2026-10-06 23:26"
"blocked","hard",4,10004,"klue_em",-3175.3891411,-3175.3891411,6.42e-09,TRUE,TRUE,38.1,TRUE,"",TRUE,"4.3.1","0.10.0","0.3.5","1.1-3.2","1.0-3.1","2026-10-06 21:49"
"blocked","hard",4,10004,"klue_em_rp",-3175.3891408,-3175.3891408,0,TRUE,TRUE,42.6,TRUE,"",TRUE,"4.3.1","0.10.0","0.3.5","1.1-3.2","1.0-3.1","2026-10-06 22:13"
"blocked","hard",4,10004,"gmnl_lc",-3175.3907363,-3175.3907363,0,TRUE,NA,17.1,FALSE,"",TRUE,"4.3.1","0.10.0","0.3.5","1.1-3.2","1.0-3.1","2026-10-06 22:35"
"blocked","hard",5,10005,"klue_ml",-3124.1318778,-3124.1318779,-1.84e-07,TRUE,TRUE,3.7,TRUE,"",TRUE,"4.3.1","0.10.0","0.3.5","1.1-3.2","1.0-3.1","2026-10-06 21:43"
"blocked","hard",5,10005,"klue_ml",-3124.1318778,-3124.1318778,0,TRUE,FALSE,3.8,TRUE,"",TRUE,"4.3.1","0.10.0","0.3.5","1.1-3.2","1.0-3.1","2026-10-06 23:26"
"blocked","hard",5,10005,"klue_em",-3123.1477416,-3123.1477399,1.68e-06,TRUE,TRUE,43,TRUE,"",TRUE,"4.3.1","0.10.0","0.3.5","1.1-3.2","1.0-3.1","2026-10-06 21:50"
"blocked","hard",5,10005,"klue_em_rp",-3124.1318825,-3124.1318825,0,TRUE,TRUE,42.4,TRUE,"",TRUE,"4.3.1","0.10.0","0.3.5","1.1-3.2","1.0-3.1","2026-10-06 22:14"
"blocked","hard",5,10005,"gmnl_lc",-3124.1319644,-3124.1319644,0,TRUE,NA,9.5,FALSE,"",TRUE,"4.3.1","0.10.0","0.3.5","1.1-3.2","1.0-3.1","2026-10-06 22:35"
"blocked","hard",6,10006,"klue_ml",-3084.2090579,-3084.2090583,-4.78e-07,TRUE,TRUE,4.1,TRUE,"",TRUE,"4.3.1","0.10.0","0.3.5","1.1-3.2","1.0-3.1","2026-10-06 21:43"
"blocked","hard",6,10006,"klue_ml",-3084.2090579,-3084.2090579,0,TRUE,FALSE,3.6,TRUE,"",TRUE,"4.3.1","0.10.0","0.3.5","1.1-3.2","1.0-3.1","2026-10-06 23:26"
"blocked","hard",6,10006,"klue_em",-3084.2090723,-3084.2090743,-1.98e-06,TRUE,TRUE,92.2,TRUE,"",TRUE,"4.3.1","0.10.0","0.3.5","1.1-3.2","1.0-3.1","2026-10-06 21:51"
"blocked","hard",6,10006,"klue_em_rp",-3084.2090736,-3084.2090736,0,TRUE,TRUE,107.5,TRUE,"",TRUE,"4.3.1","0.10.0","0.3.5","1.1-3.2","1.0-3.1","2026-10-06 22:16"
"blocked","hard",6,10006,"gmnl_lc",-3084.2102495,-3084.2102495,0,TRUE,NA,10,FALSE,"",TRUE,"4.3.1","0.10.0","0.3.5","1.1-3.2","1.0-3.1","2026-10-06 22:35"
"blocked","hard",7,10007,"klue_ml",-3068.1149775,-3068.1149778,-3.34e-07,TRUE,TRUE,3.6,TRUE,"",TRUE,"4.3.1","0.10.0","0.3.5","1.1-3.2","1.0-3.1","2026-10-06 21:43"
"blocked","hard",7,10007,"klue_ml",-3068.1149775,-3068.1149775,0,TRUE,FALSE,3.6,TRUE,"",TRUE,"4.3.1","0.10.0","0.3.5","1.1-3.2","1.0-3.1","2026-10-06 23:26"
"blocked","hard",7,10007,"klue_em",-3068.1149814,-3068.1149814,8.33e-09,TRUE,TRUE,98,TRUE,"",TRUE,"4.3.1","0.10.0","0.3.5","1.1-3.2","1.0-3.1","2026-10-06 21:53"
"blocked","hard",7,10007,"klue_em_rp",-3068.1149816,-3068.1149816,0,TRUE,TRUE,111.3,TRUE,"",TRUE,"4.3.1","0.10.0","0.3.5","1.1-3.2","1.0-3.1","2026-10-06 22:18"
"blocked","hard",7,10007,"gmnl_lc",-3068.1161411,-3068.1161411,0,TRUE,NA,7.8,FALSE,"",TRUE,"4.3.1","0.10.0","0.3.5","1.1-3.2","1.0-3.1","2026-10-06 22:35"
"blocked","hard",8,10008,"klue_ml",-3156.2419998,-3156.2419999,-1.34e-07,TRUE,TRUE,3.8,TRUE,"",TRUE,"4.3.1","0.10.0","0.3.5","1.1-3.2","1.0-3.1","2026-10-06 21:44"
"blocked","hard",8,10008,"klue_ml",-3156.2419998,-3156.2419998,0,TRUE,FALSE,4.2,TRUE,"",TRUE,"4.3.1","0.10.0","0.3.5","1.1-3.2","1.0-3.1","2026-10-06 23:26"
"blocked","hard",8,10008,"klue_em",-3156.2420046,-3156.2420046,-6.42e-09,TRUE,TRUE,55.2,TRUE,"",TRUE,"4.3.1","0.10.0","0.3.5","1.1-3.2","1.0-3.1","2026-10-06 21:54"
"blocked","hard",8,10008,"klue_em_rp",-3156.2420036,-3156.2420036,0,TRUE,TRUE,43.6,TRUE,"",TRUE,"4.3.1","0.10.0","0.3.5","1.1-3.2","1.0-3.1","2026-10-06 22:19"
"blocked","hard",8,10008,"gmnl_lc",-3156.2428305,-3156.2428305,0,TRUE,NA,8.1,FALSE,"",TRUE,"4.3.1","0.10.0","0.3.5","1.1-3.2","1.0-3.1","2026-10-06 22:35"
"blocked","hard",9,10009,"klue_ml",-3083.3364702,-3083.336471,-8.6e-07,TRUE,TRUE,3.7,TRUE,"",TRUE,"4.3.1","0.10.0","0.3.5","1.1-3.2","1.0-3.1","2026-10-06 21:44"
"blocked","hard",9,10009,"klue_ml",-3083.3364702,-3083.3364702,0,TRUE,FALSE,3.3,TRUE,"",TRUE,"4.3.1","0.10.0","0.3.5","1.1-3.2","1.0-3.1","2026-10-06 23:27"
"blocked","hard",9,10009,"klue_em",-3083.3364786,-3083.3364783,2.6e-07,TRUE,TRUE,64.3,TRUE,"",TRUE,"4.3.1","0.10.0","0.3.5","1.1-3.2","1.0-3.1","2026-10-06 21:55"
"blocked","hard",9,10009,"klue_em_rp",-3082.9120138,-3082.9120138,0,TRUE,TRUE,73.1,TRUE,"",TRUE,"4.3.1","0.10.0","0.3.5","1.1-3.2","1.0-3.1","2026-10-06 22:20"
"blocked","hard",9,10009,"gmnl_lc",-3081.530394,-3081.530394,0,TRUE,NA,6.2,FALSE,"",TRUE,"4.3.1","0.10.0","0.3.5","1.1-3.2","1.0-3.1","2026-10-06 22:35"
"blocked","hard",10,10010,"klue_ml",-3137.8487275,-3137.8487279,-4.8e-07,TRUE,TRUE,3.9,TRUE,"",TRUE,"4.3.1","0.10.0","0.3.5","1.1-3.2","1.0-3.1","2026-10-06 21:44"
"blocked","hard",10,10010,"klue_ml",-3137.8487275,-3137.8487275,0,TRUE,FALSE,3.5,TRUE,"",TRUE,"4.3.1","0.10.0","0.3.5","1.1-3.2","1.0-3.1","2026-10-06 23:27"
"blocked","hard",10,10010,"klue_em",-3137.8487353,-3137.8487353,8.85e-09,TRUE,TRUE,76.1,TRUE,"",TRUE,"4.3.1","0.10.0","0.3.5","1.1-3.2","1.0-3.1","2026-10-06 21:56"
"blocked","hard",10,10010,"klue_em_rp",-3137.8487333,-3137.8487333,0,TRUE,TRUE,52.5,TRUE,"",TRUE,"4.3.1","0.10.0","0.3.5","1.1-3.2","1.0-3.1","2026-10-06 22:21"
"blocked","hard",10,10010,"gmnl_lc",-3137.8492826,-3137.8492826,0,TRUE,NA,5.7,FALSE,"",TRUE,"4.3.1","0.10.0","0.3.5","1.1-3.2","1.0-3.1","2026-10-06 22:35"
"blocked","very_hard",1,8001,"klue_ml",-3212.6983626,-3212.6983671,-4.58e-06,TRUE,TRUE,4.7,TRUE,"",TRUE,"4.3.1","0.10.0","0.3.5","1.1-3.2","1.0-3.1","2026-10-06 21:44"
"blocked","very_hard",1,8001,"klue_ml",-3212.6983626,-3212.6983626,0,TRUE,FALSE,3.8,TRUE,"",TRUE,"4.3.1","0.10.0","0.3.5","1.1-3.2","1.0-3.1","2026-10-06 23:27"
"blocked","very_hard",1,8001,"klue_em",-3212.6983719,-3212.6983719,1.83e-09,TRUE,TRUE,69,TRUE,"",TRUE,"4.3.1","0.10.0","0.3.5","1.1-3.2","1.0-3.1","2026-10-06 21:57"
"blocked","very_hard",1,8001,"klue_em_rp",-3212.6983718,-3212.6983718,0,TRUE,TRUE,57.9,TRUE,"",TRUE,"4.3.1","0.10.0","0.3.5","1.1-3.2","1.0-3.1","2026-10-06 22:22"
"blocked","very_hard",1,8001,"gmnl_lc",-3212.6989023,-3212.6989023,0,TRUE,NA,10.5,FALSE,"",TRUE,"4.3.1","0.10.0","0.3.5","1.1-3.2","1.0-3.1","2026-10-06 22:36"
"blocked","very_hard",1,8001,"apollo_ss_published",-3212.6983626,-3212.6983626,0,TRUE,NA,809.1,TRUE,"",TRUE,"4.3.1","0.10.0","0.3.5","1.1-3.2","1.0-3.1","2026-10-06 23:20"
"blocked","very_hard",2,8002,"klue_ml",-3206.8330695,-3206.8330697,-1.4e-07,TRUE,TRUE,3.6,TRUE,"",TRUE,"4.3.1","0.10.0","0.3.5","1.1-3.2","1.0-3.1","2026-10-06 21:44"
"blocked","very_hard",2,8002,"klue_ml",-3206.8330695,-3206.8330695,0,TRUE,FALSE,3.7,TRUE,"",TRUE,"4.3.1","0.10.0","0.3.5","1.1-3.2","1.0-3.1","2026-10-06 23:27"
"blocked","very_hard",2,8002,"klue_em",-3206.8330748,-3206.8330748,-4.74e-09,TRUE,TRUE,90,TRUE,"",TRUE,"4.3.1","0.10.0","0.3.5","1.1-3.2","1.0-3.1","2026-10-06 21:59"
"blocked","very_hard",2,8002,"klue_em_rp",-3206.8330751,-3206.8330751,0,TRUE,TRUE,63.7,TRUE,"",TRUE,"4.3.1","0.10.0","0.3.5","1.1-3.2","1.0-3.1","2026-10-06 22:23"
"blocked","very_hard",2,8002,"gmnl_lc",-3206.8344935,-3206.8344935,0,TRUE,NA,7.8,FALSE,"",TRUE,"4.3.1","0.10.0","0.3.5","1.1-3.2","1.0-3.1","2026-10-06 22:36"
"blocked","very_hard",3,8003,"klue_ml",-3117.0944191,-3117.0944196,-4.98e-07,TRUE,TRUE,5.1,TRUE,"",TRUE,"4.3.1","0.10.0","0.3.5","1.1-3.2","1.0-3.1","2026-10-06 21:44"
"blocked","very_hard",3,8003,"klue_ml",-3117.0944191,-3117.0944191,0,TRUE,FALSE,5.4,TRUE,"",TRUE,"4.3.1","0.10.0","0.3.5","1.1-3.2","1.0-3.1","2026-10-06 23:27"
"blocked","very_hard",3,8003,"klue_em",-3117.0944241,-3117.0944246,-4.74e-07,TRUE,TRUE,129.1,TRUE,"",TRUE,"4.3.1","0.10.0","0.3.5","1.1-3.2","1.0-3.1","2026-10-06 22:01"
"blocked","very_hard",3,8003,"klue_em_rp",-3117.0944244,-3117.0944244,0,TRUE,TRUE,132,TRUE,"",TRUE,"4.3.1","0.10.0","0.3.5","1.1-3.2","1.0-3.1","2026-10-06 22:25"
"blocked","very_hard",3,8003,"gmnl_lc",-3119.1327978,-3119.1327978,0,TRUE,NA,5.9,FALSE,"",TRUE,"4.3.1","0.10.0","0.3.5","1.1-3.2","1.0-3.1","2026-10-06 22:36"
"blocked","very_hard",4,8004,"klue_ml",-3184.3219254,-3184.3219259,-4.79e-07,TRUE,TRUE,3.3,TRUE,"",TRUE,"4.3.1","0.10.0","0.3.5","1.1-3.2","1.0-3.1","2026-10-06 21:44"
"blocked","very_hard",4,8004,"klue_ml",-3184.3219254,-3184.3219254,0,TRUE,FALSE,3.5,TRUE,"",TRUE,"4.3.1","0.10.0","0.3.5","1.1-3.2","1.0-3.1","2026-10-06 23:27"
"blocked","very_hard",4,8004,"klue_em",-3184.3219317,-3184.321932,-2.63e-07,TRUE,TRUE,92.2,TRUE,"",TRUE,"4.3.1","0.10.0","0.3.5","1.1-3.2","1.0-3.1","2026-10-06 22:03"
"blocked","very_hard",4,8004,"klue_em_rp",-3184.3219312,-3184.3219312,0,TRUE,TRUE,45.8,TRUE,"",TRUE,"4.3.1","0.10.0","0.3.5","1.1-3.2","1.0-3.1","2026-10-06 22:26"
"blocked","very_hard",4,8004,"gmnl_lc",-3184.4553826,-3184.4553826,0,TRUE,NA,4,FALSE,"",TRUE,"4.3.1","0.10.0","0.3.5","1.1-3.2","1.0-3.1","2026-10-06 22:36"
"blocked","very_hard",5,8005,"klue_ml",-3197.5214849,-3197.5214854,-4.97e-07,TRUE,TRUE,4.5,TRUE,"",TRUE,"4.3.1","0.10.0","0.3.5","1.1-3.2","1.0-3.1","2026-10-06 21:44"
"blocked","very_hard",5,8005,"klue_ml",-3197.5214849,-3197.5214849,0,TRUE,FALSE,3.3,TRUE,"",TRUE,"4.3.1","0.10.0","0.3.5","1.1-3.2","1.0-3.1","2026-10-06 23:27"
"blocked","very_hard",5,8005,"klue_em",-3197.5214906,-3197.5214907,-5.21e-08,TRUE,TRUE,49.3,TRUE,"",TRUE,"4.3.1","0.10.0","0.3.5","1.1-3.2","1.0-3.1","2026-10-06 22:03"
"blocked","very_hard",5,8005,"klue_em_rp",-3197.3909582,-3197.3909582,0,TRUE,TRUE,63.4,TRUE,"",TRUE,"4.3.1","0.10.0","0.3.5","1.1-3.2","1.0-3.1","2026-10-06 22:27"
"blocked","very_hard",5,8005,"gmnl_lc",-3202.1204557,-3202.1204557,0,TRUE,NA,6,FALSE,"",TRUE,"4.3.1","0.10.0","0.3.5","1.1-3.2","1.0-3.1","2026-10-06 22:36"
"blocked","very_hard",6,8006,"klue_ml",-3180.792946,-3180.7929816,-3.56e-05,TRUE,TRUE,3.1,TRUE,"",TRUE,"4.3.1","0.10.0","0.3.5","1.1-3.2","1.0-3.1","2026-10-06 21:44"
"blocked","very_hard",6,8006,"klue_ml",-3180.792946,-3180.792946,0,TRUE,FALSE,3.5,TRUE,"",TRUE,"4.3.1","0.10.0","0.3.5","1.1-3.2","1.0-3.1","2026-10-06 23:27"
"blocked","very_hard",6,8006,"klue_em",-3180.792953,-3180.792953,-2.06e-08,TRUE,TRUE,37.5,TRUE,"",TRUE,"4.3.1","0.10.0","0.3.5","1.1-3.2","1.0-3.1","2026-10-06 22:04"
"blocked","very_hard",6,8006,"klue_em_rp",-3180.7929528,-3180.7929528,0,TRUE,TRUE,46.5,TRUE,"",TRUE,"4.3.1","0.10.0","0.3.5","1.1-3.2","1.0-3.1","2026-10-06 22:27"
"blocked","very_hard",6,8006,"gmnl_lc",-3180.7946144,-3180.7946144,0,TRUE,NA,9.1,FALSE,"",TRUE,"4.3.1","0.10.0","0.3.5","1.1-3.2","1.0-3.1","2026-10-06 22:36"
"blocked","very_hard",7,8007,"klue_ml",-3265.7024888,-3265.7024909,-2.17e-06,TRUE,TRUE,3.5,TRUE,"",TRUE,"4.3.1","0.10.0","0.3.5","1.1-3.2","1.0-3.1","2026-10-06 21:44"
"blocked","very_hard",7,8007,"klue_ml",-3265.7024888,-3265.7024888,0,TRUE,FALSE,3.3,TRUE,"",TRUE,"4.3.1","0.10.0","0.3.5","1.1-3.2","1.0-3.1","2026-10-06 23:27"
"blocked","very_hard",7,8007,"klue_em",-3265.7024948,-3265.7024948,-7.2e-08,TRUE,TRUE,86.2,TRUE,"",TRUE,"4.3.1","0.10.0","0.3.5","1.1-3.2","1.0-3.1","2026-10-06 22:05"
"blocked","very_hard",7,8007,"klue_em_rp",-3266.9297181,-3266.9297181,0,TRUE,TRUE,110,TRUE,"",TRUE,"4.3.1","0.10.0","0.3.5","1.1-3.2","1.0-3.1","2026-10-06 22:29"
"blocked","very_hard",7,8007,"gmnl_lc",-3266.9297834,-3266.9297834,0,TRUE,NA,7.7,FALSE,"",TRUE,"4.3.1","0.10.0","0.3.5","1.1-3.2","1.0-3.1","2026-10-06 22:36"
"blocked","very_hard",8,8008,"klue_ml",-3207.5262217,-3207.5262221,-4.35e-07,TRUE,TRUE,3.9,TRUE,"",TRUE,"4.3.1","0.10.0","0.3.5","1.1-3.2","1.0-3.1","2026-10-06 21:44"
"blocked","very_hard",8,8008,"klue_ml",-3207.5262217,-3207.5262217,0,TRUE,FALSE,3.7,TRUE,"",TRUE,"4.3.1","0.10.0","0.3.5","1.1-3.2","1.0-3.1","2026-10-06 23:27"
"blocked","very_hard",8,8008,"klue_em",-3207.526232,-3207.5262321,-1.61e-07,TRUE,TRUE,54.9,TRUE,"",TRUE,"4.3.1","0.10.0","0.3.5","1.1-3.2","1.0-3.1","2026-10-06 22:06"
"blocked","very_hard",8,8008,"klue_em_rp",-3205.5393609,-3205.5393609,0,TRUE,TRUE,82,TRUE,"",TRUE,"4.3.1","0.10.0","0.3.5","1.1-3.2","1.0-3.1","2026-10-06 22:31"
"blocked","very_hard",8,8008,"gmnl_lc",-3205.5399799,-3205.5399799,0,TRUE,NA,6,FALSE,"",TRUE,"4.3.1","0.10.0","0.3.5","1.1-3.2","1.0-3.1","2026-10-06 22:36"
"blocked","very_hard",9,8009,"klue_ml",-3202.3170543,-3202.3170553,-9.8e-07,TRUE,TRUE,3.6,TRUE,"",TRUE,"4.3.1","0.10.0","0.3.5","1.1-3.2","1.0-3.1","2026-10-06 21:44"
"blocked","very_hard",9,8009,"klue_ml",-3202.3170543,-3202.3170543,0,TRUE,FALSE,3.5,TRUE,"",TRUE,"4.3.1","0.10.0","0.3.5","1.1-3.2","1.0-3.1","2026-10-06 23:27"
"blocked","very_hard",9,8009,"klue_em",-3202.3170653,-3202.3170653,1.69e-08,TRUE,TRUE,71.7,TRUE,"",TRUE,"4.3.1","0.10.0","0.3.5","1.1-3.2","1.0-3.1","2026-10-06 22:08"
"blocked","very_hard",9,8009,"klue_em_rp",-3202.3170645,-3202.3170645,0,TRUE,TRUE,101.3,TRUE,"",TRUE,"4.3.1","0.10.0","0.3.5","1.1-3.2","1.0-3.1","2026-10-06 22:32"
"blocked","very_hard",9,8009,"gmnl_lc",-3203.7410602,-3203.7410602,0,TRUE,NA,5.9,FALSE,"",TRUE,"4.3.1","0.10.0","0.3.5","1.1-3.2","1.0-3.1","2026-10-06 22:37"
"blocked","very_hard",10,8010,"klue_ml",-3202.6791505,-3202.6791573,-6.8e-06,TRUE,TRUE,4.2,TRUE,"",TRUE,"4.3.1","0.10.0","0.3.5","1.1-3.2","1.0-3.1","2026-10-06 21:44"
"blocked","very_hard",10,8010,"klue_ml",-3202.6791505,-3202.6791505,0,TRUE,FALSE,4.6,TRUE,"",TRUE,"4.3.1","0.10.0","0.3.5","1.1-3.2","1.0-3.1","2026-10-06 23:27"
"blocked","very_hard",10,8010,"klue_em",-3202.679155,-3202.6791554,-4.22e-07,TRUE,TRUE,57,TRUE,"",TRUE,"4.3.1","0.10.0","0.3.5","1.1-3.2","1.0-3.1","2026-10-06 22:08"
"blocked","very_hard",10,8010,"klue_em_rp",-3202.6791549,-3202.6791549,0,TRUE,TRUE,58.2,TRUE,"",TRUE,"4.3.1","0.10.0","0.3.5","1.1-3.2","1.0-3.1","2026-10-06 22:33"
"blocked","very_hard",10,8010,"gmnl_lc",-3202.6846835,-3202.6846835,0,TRUE,NA,11.8,FALSE,"",TRUE,"4.3.1","0.10.0","0.3.5","1.1-3.2","1.0-3.1","2026-10-06 22:37"
"randomised","moderate",1,11501,"klue_ml",-2767.0703019,-2767.0703021,-2.37e-07,TRUE,TRUE,1.9,TRUE,"",TRUE,"4.3.1","0.10.0","0.3.5","1.1-3.2","1.0-3.1","2026-10-06 21:40"
"randomised","moderate",1,11501,"klue_ml",-2767.0703019,-2767.0703019,0,TRUE,FALSE,2,TRUE,"",TRUE,"4.3.1","0.10.0","0.3.5","1.1-3.2","1.0-3.1","2026-10-06 23:23"
"randomised","moderate",1,11501,"klue_em",-2767.0703052,-2767.0703052,-1.41e-08,TRUE,TRUE,36.2,TRUE,"",TRUE,"4.3.1","0.10.0","0.3.5","1.1-3.2","1.0-3.1","2026-10-06 21:42"
"randomised","moderate",1,11501,"gmnl_lc",-2767.0708177,-2767.0708177,0,TRUE,NA,4.9,FALSE,"",TRUE,"4.3.1","0.10.0","0.3.5","1.1-3.2","1.0-3.1","2026-10-06 22:15"
"randomised","moderate",1,11501,"apollo_ss_published",-2767.7714175,-2767.7714175,0,TRUE,NA,195,TRUE,"",TRUE,"4.3.1","0.10.0","0.3.5","1.1-3.2","1.0-3.1","2026-10-06 22:22"
"randomised","moderate",2,11502,"klue_ml",-2761.2784185,-2761.2784198,-1.23e-06,TRUE,TRUE,2.3,TRUE,"",TRUE,"4.3.1","0.10.0","0.3.5","1.1-3.2","1.0-3.1","2026-10-06 21:40"
"randomised","moderate",2,11502,"klue_ml",-2761.2784185,-2761.2784185,0,TRUE,FALSE,2.8,TRUE,"",TRUE,"4.3.1","0.10.0","0.3.5","1.1-3.2","1.0-3.1","2026-10-06 23:23"
"randomised","moderate",2,11502,"klue_em",-2761.2784195,-2761.2784196,-3.85e-08,TRUE,TRUE,33.5,TRUE,"",TRUE,"4.3.1","0.10.0","0.3.5","1.1-3.2","1.0-3.1","2026-10-06 21:43"
"randomised","moderate",2,11502,"gmnl_lc",-2761.2784186,-2761.2784186,0,TRUE,NA,4.1,FALSE,"",TRUE,"4.3.1","0.10.0","0.3.5","1.1-3.2","1.0-3.1","2026-10-06 22:15"
"randomised","moderate",3,11503,"klue_ml",-2732.6727261,-2732.6727263,-2.55e-07,TRUE,TRUE,2.2,TRUE,"",TRUE,"4.3.1","0.10.0","0.3.5","1.1-3.2","1.0-3.1","2026-10-06 21:40"
"randomised","moderate",3,11503,"klue_ml",-2732.6727261,-2732.6727261,0,TRUE,FALSE,2,TRUE,"",TRUE,"4.3.1","0.10.0","0.3.5","1.1-3.2","1.0-3.1","2026-10-06 23:23"
"randomised","moderate",3,11503,"klue_em",-2732.6727279,-2732.6727278,3.68e-08,TRUE,TRUE,37.8,TRUE,"",TRUE,"4.3.1","0.10.0","0.3.5","1.1-3.2","1.0-3.1","2026-10-06 21:43"
"randomised","moderate",3,11503,"gmnl_lc",-2735.5117408,-2735.5117408,0,TRUE,NA,4,FALSE,"",TRUE,"4.3.1","0.10.0","0.3.5","1.1-3.2","1.0-3.1","2026-10-06 22:15"
"randomised","moderate",4,11504,"klue_ml",-2756.4599921,-2756.4599932,-1.15e-06,TRUE,TRUE,1.7,TRUE,"",TRUE,"4.3.1","0.10.0","0.3.5","1.1-3.2","1.0-3.1","2026-10-06 21:40"
"randomised","moderate",4,11504,"klue_ml",-2756.4599921,-2756.4599921,0,TRUE,FALSE,1.9,TRUE,"",TRUE,"4.3.1","0.10.0","0.3.5","1.1-3.2","1.0-3.1","2026-10-06 23:23"
"randomised","moderate",4,11504,"klue_em",-2756.4599938,-2756.4599936,1.9e-07,TRUE,TRUE,20.9,TRUE,"",TRUE,"4.3.1","0.10.0","0.3.5","1.1-3.2","1.0-3.1","2026-10-06 21:44"
"randomised","moderate",4,11504,"gmnl_lc",-2756.4600424,-2756.4600424,0,TRUE,NA,3.3,FALSE,"",TRUE,"4.3.1","0.10.0","0.3.5","1.1-3.2","1.0-3.1","2026-10-06 22:15"
"randomised","moderate",5,11505,"klue_ml",-2700.2655303,-2700.265531,-7.76e-07,TRUE,TRUE,1.8,TRUE,"",TRUE,"4.3.1","0.10.0","0.3.5","1.1-3.2","1.0-3.1","2026-10-06 21:40"
"randomised","moderate",5,11505,"klue_ml",-2700.2655303,-2700.2655303,0,TRUE,FALSE,2.1,TRUE,"",TRUE,"4.3.1","0.10.0","0.3.5","1.1-3.2","1.0-3.1","2026-10-06 23:23"
"randomised","moderate",5,11505,"klue_em",-2700.2655326,-2700.2655326,7e-11,TRUE,TRUE,27.9,TRUE,"",TRUE,"4.3.1","0.10.0","0.3.5","1.1-3.2","1.0-3.1","2026-10-06 21:44"
"randomised","moderate",5,11505,"gmnl_lc",-2700.2656184,-2700.2656184,0,TRUE,NA,2.9,FALSE,"",TRUE,"4.3.1","0.10.0","0.3.5","1.1-3.2","1.0-3.1","2026-10-06 22:15"
"randomised","hard",1,10001,"klue_ml",-3530.4709416,-3530.4709402,1.47e-06,TRUE,TRUE,3.8,TRUE,"",TRUE,"4.3.1","0.10.0","0.3.5","1.1-3.2","1.0-3.1","2026-10-06 21:40"
"randomised","hard",1,10001,"klue_ml",-3530.4709416,-3530.4709416,0,TRUE,FALSE,3.9,TRUE,"",TRUE,"4.3.1","0.10.0","0.3.5","1.1-3.2","1.0-3.1","2026-10-06 23:23"
"randomised","hard",1,10001,"klue_em",-3531.4795326,-3531.4795336,-1.01e-06,TRUE,TRUE,119.3,TRUE,"",TRUE,"4.3.1","0.10.0","0.3.5","1.1-3.2","1.0-3.1","2026-10-06 21:46"
"randomised","hard",1,10001,"gmnl_lc",-3536.257833,-3536.257833,0,TRUE,NA,9.4,FALSE,"",TRUE,"4.3.1","0.10.0","0.3.5","1.1-3.2","1.0-3.1","2026-10-06 22:15"
"randomised","hard",1,10001,"apollo_ss_published",-3530.4709401,-3530.4709401,0,TRUE,NA,424.9,TRUE,"",TRUE,"4.3.1","0.10.0","0.3.5","1.1-3.2","1.0-3.1","2026-10-06 22:30"
"randomised","hard",2,10002,"klue_ml",-3464.5537469,-3464.5537483,-1.38e-06,TRUE,TRUE,4.2,TRUE,"",TRUE,"4.3.1","0.10.0","0.3.5","1.1-3.2","1.0-3.1","2026-10-06 21:40"
"randomised","hard",2,10002,"klue_ml",-3464.5537469,-3464.5537469,0,TRUE,FALSE,5.5,TRUE,"",TRUE,"4.3.1","0.10.0","0.3.5","1.1-3.2","1.0-3.1","2026-10-06 23:23"
"randomised","hard",2,10002,"klue_em",-3464.5537499,-3464.5537499,3.93e-10,TRUE,TRUE,162.3,TRUE,"",TRUE,"4.3.1","0.10.0","0.3.5","1.1-3.2","1.0-3.1","2026-10-06 21:49"
"randomised","hard",2,10002,"gmnl_lc",-3471.6051738,-3471.6051738,0,TRUE,NA,19,FALSE,"",TRUE,"4.3.1","0.10.0","0.3.5","1.1-3.2","1.0-3.1","2026-10-06 22:16"
"randomised","hard",3,10003,"klue_ml",-3464.4648249,-3464.4648274,-2.56e-06,TRUE,TRUE,3.5,TRUE,"",TRUE,"4.3.1","0.10.0","0.3.5","1.1-3.2","1.0-3.1","2026-10-06 21:41"
"randomised","hard",3,10003,"klue_ml",-3464.4648249,-3464.4648249,0,TRUE,FALSE,3.9,TRUE,"",TRUE,"4.3.1","0.10.0","0.3.5","1.1-3.2","1.0-3.1","2026-10-06 23:24"
"randomised","hard",3,10003,"klue_em",-3464.4648464,-3464.4648462,2.32e-07,TRUE,TRUE,103.4,TRUE,"",TRUE,"4.3.1","0.10.0","0.3.5","1.1-3.2","1.0-3.1","2026-10-06 21:51"
"randomised","hard",3,10003,"gmnl_lc",-3465.104349,-3465.104349,0,TRUE,NA,15.5,FALSE,"",TRUE,"4.3.1","0.10.0","0.3.5","1.1-3.2","1.0-3.1","2026-10-06 22:16"
"randomised","hard",4,10004,"klue_ml",-3450.450572,-3450.4505741,-2.1e-06,TRUE,TRUE,3.4,TRUE,"",TRUE,"4.3.1","0.10.0","0.3.5","1.1-3.2","1.0-3.1","2026-10-06 21:41"
"randomised","hard",4,10004,"klue_ml",-3450.450572,-3450.450572,0,TRUE,FALSE,3.9,TRUE,"",TRUE,"4.3.1","0.10.0","0.3.5","1.1-3.2","1.0-3.1","2026-10-06 23:24"
"randomised","hard",4,10004,"klue_em",-3450.4505908,-3450.4505912,-4.66e-07,TRUE,TRUE,150.6,TRUE,"",TRUE,"4.3.1","0.10.0","0.3.5","1.1-3.2","1.0-3.1","2026-10-06 21:53"
"randomised","hard",4,10004,"gmnl_lc",-3450.4538649,-3450.4538649,0,TRUE,NA,18.1,FALSE,"",TRUE,"4.3.1","0.10.0","0.3.5","1.1-3.2","1.0-3.1","2026-10-06 22:16"
"randomised","hard",5,10005,"klue_ml",-3521.4085291,-3525.0326605,-3.62,FALSE,TRUE,4.1,TRUE,"",TRUE,"4.3.1","0.10.0","0.3.5","1.1-3.2","1.0-3.1","2026-10-06 21:41"
"randomised","hard",5,10005,"klue_ml",-3521.4085291,-3521.4085291,0,TRUE,FALSE,3.5,TRUE,"",TRUE,"4.3.1","0.10.0","0.3.5","1.1-3.2","1.0-3.1","2026-10-06 21:41"
"randomised","hard",5,10005,"klue_em",-3525.0326762,-3525.0326763,-7.06e-08,TRUE,TRUE,136.2,TRUE,"",TRUE,"4.3.1","0.10.0","0.3.5","1.1-3.2","1.0-3.1","2026-10-06 21:55"
"randomised","hard",5,10005,"gmnl_lc",-3521.4095541,-3521.4095541,0,TRUE,NA,19.6,FALSE,"",TRUE,"4.3.1","0.10.0","0.3.5","1.1-3.2","1.0-3.1","2026-10-06 22:17"
"randomised","very_hard",1,8001,"klue_ml",-3494.8939305,-3496.4116695,-1.52,FALSE,TRUE,3.4,TRUE,"",TRUE,"4.3.1","0.10.0","0.3.5","1.1-3.2","1.0-3.1","2026-10-06 21:41"
"randomised","very_hard",1,8001,"klue_ml",-3494.8939305,-3494.8939305,0,TRUE,FALSE,4.1,TRUE,"",TRUE,"4.3.1","0.10.0","0.3.5","1.1-3.2","1.0-3.1","2026-10-06 21:41"
"randomised","very_hard",1,8001,"klue_em",-3496.4116227,-3496.4116237,-1.03e-06,TRUE,TRUE,104.4,TRUE,"",TRUE,"4.3.1","0.10.0","0.3.5","1.1-3.2","1.0-3.1","2026-10-06 21:57"
"randomised","very_hard",1,8001,"gmnl_lc",-3496.4128937,-3496.4128937,0,TRUE,NA,19,FALSE,"",TRUE,"4.3.1","0.10.0","0.3.5","1.1-3.2","1.0-3.1","2026-10-06 22:17"
"randomised","very_hard",1,8001,"apollo_ss_published",-3496.4115976,-3496.4115976,0,TRUE,NA,441.6,TRUE,"",TRUE,"4.3.1","0.10.0","0.3.5","1.1-3.2","1.0-3.1","2026-10-06 22:37"
"randomised","very_hard",2,8002,"klue_ml",-3533.2586353,-3533.2586355,-1.24e-07,TRUE,TRUE,4.1,TRUE,"",TRUE,"4.3.1","0.10.0","0.3.5","1.1-3.2","1.0-3.1","2026-10-06 21:41"
"randomised","very_hard",2,8002,"klue_ml",-3533.2586353,-3533.2586353,0,TRUE,FALSE,5.1,TRUE,"",TRUE,"4.3.1","0.10.0","0.3.5","1.1-3.2","1.0-3.1","2026-10-06 23:24"
"randomised","very_hard",2,8002,"klue_em",-3533.406571,-3533.4065709,1.22e-07,TRUE,TRUE,108.9,TRUE,"",TRUE,"4.3.1","0.10.0","0.3.5","1.1-3.2","1.0-3.1","2026-10-06 21:59"
"randomised","very_hard",2,8002,"gmnl_lc",-3533.5055498,-3533.5055498,0,TRUE,NA,12.5,FALSE,"",TRUE,"4.3.1","0.10.0","0.3.5","1.1-3.2","1.0-3.1","2026-10-06 22:17"
"randomised","very_hard",3,8003,"klue_ml",-3468.3885387,-3468.3893781,-0.000839,TRUE,TRUE,4.1,TRUE,"",TRUE,"4.3.1","0.10.0","0.3.5","1.1-3.2","1.0-3.1","2026-10-06 21:41"
"randomised","very_hard",3,8003,"klue_ml",-3468.3885387,-3468.3885387,0,TRUE,FALSE,5.4,TRUE,"",TRUE,"4.3.1","0.10.0","0.3.5","1.1-3.2","1.0-3.1","2026-10-06 23:24"
"randomised","very_hard",3,8003,"klue_em",-3468.3885356,-3468.3885356,6.36e-10,TRUE,TRUE,153.2,TRUE,"",TRUE,"4.3.1","0.10.0","0.3.5","1.1-3.2","1.0-3.1","2026-10-06 22:01"
"randomised","very_hard",3,8003,"gmnl_lc",-3481.2492727,-3481.2492727,0,TRUE,NA,17.5,FALSE,"",TRUE,"4.3.1","0.10.0","0.3.5","1.1-3.2","1.0-3.1","2026-10-06 22:17"
"randomised","very_hard",4,8004,"klue_ml",-3490.9771447,-3493.2683953,-2.29,FALSE,TRUE,3.7,TRUE,"",TRUE,"4.3.1","0.10.0","0.3.5","1.1-3.2","1.0-3.1","2026-10-06 21:41"
"randomised","very_hard",4,8004,"klue_ml",-3490.9771447,-3490.9771447,0,TRUE,FALSE,4,TRUE,"",TRUE,"4.3.1","0.10.0","0.3.5","1.1-3.2","1.0-3.1","2026-10-06 21:41"
"randomised","very_hard",4,8004,"klue_em",-3493.4052956,-3493.4052957,-8.56e-08,TRUE,TRUE,85.4,TRUE,"",TRUE,"4.3.1","0.10.0","0.3.5","1.1-3.2","1.0-3.1","2026-10-06 22:03"
"randomised","very_hard",4,8004,"gmnl_lc",-3500.0883028,-3500.0883028,0,TRUE,NA,12.6,FALSE,"",TRUE,"4.3.1","0.10.0","0.3.5","1.1-3.2","1.0-3.1","2026-10-06 22:18"
"randomised","very_hard",5,8005,"klue_ml",-3455.5135588,-3455.5135604,-1.56e-06,TRUE,TRUE,3,TRUE,"",TRUE,"4.3.1","0.10.0","0.3.5","1.1-3.2","1.0-3.1","2026-10-06 21:41"
"randomised","very_hard",5,8005,"klue_ml",-3455.5135588,-3455.5135588,0,TRUE,FALSE,3.3,TRUE,"",TRUE,"4.3.1","0.10.0","0.3.5","1.1-3.2","1.0-3.1","2026-10-06 23:24"
"randomised","very_hard",5,8005,"klue_em",-3455.5135737,-3455.5135745,-8.13e-07,TRUE,TRUE,113.8,TRUE,"",TRUE,"4.3.1","0.10.0","0.3.5","1.1-3.2","1.0-3.1","2026-10-06 22:05"
"randomised","very_hard",5,8005,"gmnl_lc",-3466.068271,-3466.068271,0,TRUE,NA,10.1,FALSE,"",TRUE,"4.3.1","0.10.0","0.3.5","1.1-3.2","1.0-3.1","2026-10-06 22:18"
"randomised","hard_corr",1,10001,"klue_ml",-3127.439192,-3124.725,2.71,FALSE,TRUE,4.1,TRUE,"",TRUE,"4.3.1","0.10.0","0.3.5","1.1-3.2","1.0-3.1","2026-10-06 21:41"
"randomised","hard_corr",1,10001,"klue_ml",-3127.439192,-3127.439192,0,TRUE,FALSE,4.6,TRUE,"",TRUE,"4.3.1","0.10.0","0.3.5","1.1-3.2","1.0-3.1","2026-10-06 21:41"
"randomised","hard_corr",1,10001,"klue_em",-3133.1550021,-3133.1550009,1.23e-06,TRUE,TRUE,107.8,TRUE,"",TRUE,"4.3.1","0.10.0","0.3.5","1.1-3.2","1.0-3.1","2026-10-06 22:07"
"randomised","hard_corr",1,10001,"gmnl_lc",-3134.7962221,-3134.7962221,0,TRUE,NA,23.6,FALSE,"",TRUE,"4.3.1","0.10.0","0.3.5","1.1-3.2","1.0-3.1","2026-10-06 22:18"
"randomised","hard_corr",1,10001,"apollo_ss_published",-3132.9116435,-3132.9116435,0,TRUE,NA,537.5,TRUE,"",TRUE,"4.3.1","0.10.0","0.3.5","1.1-3.2","1.0-3.1","2026-10-06 22:46"
"randomised","hard_corr",2,10002,"klue_ml",-3163.3157578,-3163.3171009,-0.00134,FALSE,TRUE,3.5,TRUE,"",TRUE,"4.3.1","0.10.0","0.3.5","1.1-3.2","1.0-3.1","2026-10-06 21:41"
"randomised","hard_corr",2,10002,"klue_ml",-3163.3157578,-3163.3157578,0,TRUE,FALSE,3.9,TRUE,"",TRUE,"4.3.1","0.10.0","0.3.5","1.1-3.2","1.0-3.1","2026-10-06 21:41"
"randomised","hard_corr",2,10002,"klue_em",-3163.3157786,-3163.3157774,1.17e-06,TRUE,TRUE,134.1,TRUE,"",TRUE,"4.3.1","0.10.0","0.3.5","1.1-3.2","1.0-3.1","2026-10-06 22:09"
"randomised","hard_corr",2,10002,"gmnl_lc",-3171.5200826,-3171.5200826,0,TRUE,NA,9.7,FALSE,"",TRUE,"4.3.1","0.10.0","0.3.5","1.1-3.2","1.0-3.1","2026-10-06 22:18"
"randomised","hard_corr",3,10003,"klue_ml",-3173.4127886,-3173.4127889,-2.85e-07,TRUE,TRUE,3.5,TRUE,"",TRUE,"4.3.1","0.10.0","0.3.5","1.1-3.2","1.0-3.1","2026-10-06 21:41"
"randomised","hard_corr",3,10003,"klue_ml",-3173.4127886,-3173.4127886,0,TRUE,FALSE,3.9,TRUE,"",TRUE,"4.3.1","0.10.0","0.3.5","1.1-3.2","1.0-3.1","2026-10-06 23:24"
"randomised","hard_corr",3,10003,"klue_em",-3175.7319471,-3175.7319461,9.97e-07,TRUE,TRUE,128.1,TRUE,"",TRUE,"4.3.1","0.10.0","0.3.5","1.1-3.2","1.0-3.1","2026-10-06 22:11"
"randomised","hard_corr",3,10003,"gmnl_lc",-3179.4846757,-3179.4846757,0,TRUE,NA,20.5,FALSE,"",TRUE,"4.3.1","0.10.0","0.3.5","1.1-3.2","1.0-3.1","2026-10-06 22:19"
"randomised","hard_corr",4,10004,"klue_ml",-3142.090033,-3142.0900334,-4.45e-07,TRUE,TRUE,3.2,TRUE,"",TRUE,"4.3.1","0.10.0","0.3.5","1.1-3.2","1.0-3.1","2026-10-06 21:42"
"randomised","hard_corr",4,10004,"klue_ml",-3142.090033,-3142.090033,0,TRUE,FALSE,3.4,TRUE,"",TRUE,"4.3.1","0.10.0","0.3.5","1.1-3.2","1.0-3.1","2026-10-06 23:24"
"randomised","hard_corr",4,10004,"klue_em",-3142.0900554,-3142.0900563,-9.17e-07,TRUE,TRUE,88.4,TRUE,"",TRUE,"4.3.1","0.10.0","0.3.5","1.1-3.2","1.0-3.1","2026-10-06 22:12"
"randomised","hard_corr",4,10004,"gmnl_lc",-3142.8612897,-3142.8612897,0,TRUE,NA,17.7,FALSE,"",TRUE,"4.3.1","0.10.0","0.3.5","1.1-3.2","1.0-3.1","2026-10-06 22:19"
"randomised","hard_corr",5,10005,"klue_ml",-3083.9237674,-3083.9237674,-6.93e-08,TRUE,TRUE,3.5,TRUE,"",TRUE,"4.3.1","0.10.0","0.3.5","1.1-3.2","1.0-3.1","2026-10-06 21:42"
"randomised","hard_corr",5,10005,"klue_ml",-3083.9237674,-3083.9237674,0,TRUE,FALSE,4.1,TRUE,"",TRUE,"4.3.1","0.10.0","0.3.5","1.1-3.2","1.0-3.1","2026-10-06 23:24"
"randomised","hard_corr",5,10005,"klue_em",-3088.1109865,-3088.1109867,-1.49e-07,TRUE,TRUE,142.4,TRUE,"",TRUE,"4.3.1","0.10.0","0.3.5","1.1-3.2","1.0-3.1","2026-10-06 22:15"
"randomised","hard_corr",5,10005,"gmnl_lc",-3087.0527871,-3087.0527871,0,TRUE,NA,17.1,FALSE,"",TRUE,"4.3.1","0.10.0","0.3.5","1.1-3.2","1.0-3.1","2026-10-06 22:19"
