"cell","rung","seed","K","N","method","LL_K","g","C_sel","could_change","C_ref","C_runner_up","bic_margin","bic_margin_K","LL_ref_K","ref_source_K","rp_hits_K","rp_starts","ladder_best_K","ladder_best_minus_ref","repro_diff","repro_ok","em_rp_diff","C_bic_klue_ml","C_bic_klue_em_rp","C_bic_rp_ml","BIC_ref_C1","BIC_ref_C2","BIC_ref_C3","BIC_ref_C4","BIC_ref_C5","BIC_ref_C6"
"hard|seed1","hard",1,5,300,"klue_ml",-3168.9648,0,5,FALSE,5,4,0.454,0.454,-3168.9648,"klue_ml+klue_em_rp+rp_ml",22,50,-3168.9648,0,-8.53e-07,TRUE,0,5,5,5,6983.472,6724.898,6584.872,6560.831,6560.377,6581.952
"hard|seed1","hard",1,5,300,"klue_em",-3168.9648,0,5,FALSE,5,4,0.454,0.454,-3168.9648,"klue_ml+klue_em_rp+rp_ml",22,50,-3168.9648,0,-8.53e-07,TRUE,0,5,5,5,6983.472,6724.898,6584.872,6560.831,6560.377,6581.952
"hard|seed1","hard",1,5,300,"klue_em_rp",-3168.9648,0,5,FALSE,5,4,0.454,0.454,-3168.9648,"klue_ml+klue_em_rp+rp_ml",22,50,-3168.9648,0,-8.53e-07,TRUE,0,5,5,5,6983.472,6724.898,6584.872,6560.831,6560.377,6581.952
"hard|seed1","hard",1,5,300,"apollo_searchStart",-3168.9648,0,5,FALSE,5,4,0.454,0.454,-3168.9648,"klue_ml+klue_em_rp+rp_ml",22,50,-3168.9648,0,-8.53e-07,TRUE,0,5,5,5,6983.472,6724.898,6584.872,6560.831,6560.377,6581.952
"hard|seed1","hard",1,5,300,"apollo_lcEM",-3173.4278,4.463,4,TRUE,5,4,0.454,0.454,-3168.9648,"klue_ml+klue_em_rp+rp_ml",22,50,-3168.9648,0,-8.53e-07,TRUE,0,5,5,5,6983.472,6724.898,6584.872,6560.831,6560.377,6581.952
"hard|seed1","hard",1,5,300,"apollo_clust",-3168.9648,0,5,FALSE,5,4,0.454,0.454,-3168.9648,"klue_ml+klue_em_rp+rp_ml",22,50,-3168.9648,0,-8.53e-07,TRUE,0,5,5,5,6983.472,6724.898,6584.872,6560.831,6560.377,6581.952
"hard|seed1","hard",1,5,300,"gmnl_lc",-3168.9652,4e-04,5,FALSE,5,4,0.454,0.454,-3168.9648,"klue_ml+klue_em_rp+rp_ml",22,50,-3168.9648,0,-8.53e-07,TRUE,0,5,5,5,6983.472,6724.898,6584.872,6560.831,6560.377,6581.952
"hard|seed1","hard",1,5,300,"apollo_ss_published",-3168.9648,0,5,FALSE,5,4,0.454,0.454,-3168.9648,"klue_ml+klue_em_rp+rp_ml",22,50,-3168.9648,0,-8.53e-07,TRUE,0,5,5,5,6983.472,6724.898,6584.872,6560.831,6560.377,6581.952
"hard|seed2","hard",2,5,300,"klue_ml",-3087.7706,0,4,FALSE,4,5,6.704,-6.704,-3087.7706,"klue_ml+klue_em_rp+rp_ml",12,50,-3087.7706,0,-2.64e-07,TRUE,0,4,4,4,6754.316,6500.311,6410.686,6391.285,6397.989,6410.999
"hard|seed2","hard",2,5,300,"klue_em",-3087.7706,0,4,FALSE,4,5,6.704,-6.704,-3087.7706,"klue_ml+klue_em_rp+rp_ml",12,50,-3087.7706,0,-2.64e-07,TRUE,0,4,4,4,6754.316,6500.311,6410.686,6391.285,6397.989,6410.999
"hard|seed2","hard",2,5,300,"klue_em_rp",-3087.7706,0,4,FALSE,4,5,6.704,-6.704,-3087.7706,"klue_ml+klue_em_rp+rp_ml",12,50,-3087.7706,0,-2.64e-07,TRUE,0,4,4,4,6754.316,6500.311,6410.686,6391.285,6397.989,6410.999
"hard|seed2","hard",2,5,300,"apollo_searchStart",-3087.7706,0,4,FALSE,4,5,6.704,-6.704,-3087.7706,"klue_ml+klue_em_rp+rp_ml",12,50,-3087.7706,0,-2.64e-07,TRUE,0,4,4,4,6754.316,6500.311,6410.686,6391.285,6397.989,6410.999
"hard|seed2","hard",2,5,300,"apollo_lcEM",-3091.8212,4.0506,4,FALSE,4,5,6.704,-6.704,-3087.7706,"klue_ml+klue_em_rp+rp_ml",12,50,-3087.7706,0,-2.64e-07,TRUE,0,4,4,4,6754.316,6500.311,6410.686,6391.285,6397.989,6410.999
"hard|seed2","hard",2,5,300,"apollo_clust",-3087.7706,0,4,FALSE,4,5,6.704,-6.704,-3087.7706,"klue_ml+klue_em_rp+rp_ml",12,50,-3087.7706,0,-2.64e-07,TRUE,0,4,4,4,6754.316,6500.311,6410.686,6391.285,6397.989,6410.999
"hard|seed2","hard",2,5,300,"gmnl_lc",-3097.266,9.4954,4,FALSE,4,5,6.704,-6.704,-3087.7706,"klue_ml+klue_em_rp+rp_ml",12,50,-3087.7706,0,-2.64e-07,TRUE,0,4,4,4,6754.316,6500.311,6410.686,6391.285,6397.989,6410.999
"hard|seed2","hard",2,5,300,"apollo_ss_published",-3087.7706,0,4,FALSE,4,5,6.704,-6.704,-3087.7706,"klue_ml+klue_em_rp+rp_ml",12,50,-3087.7706,0,-2.64e-07,TRUE,0,4,4,4,6754.316,6500.311,6410.686,6391.285,6397.989,6410.999
"hard|seed3","hard",3,5,300,"klue_ml",-3124.6052,0,4,FALSE,4,5,5.001,-5.001,-3124.6052,"klue_ml+klue_em_rp+rp_ml",9,50,-3124.6052,0,-1.76e-07,TRUE,0,4,4,4,6932.155,6643.358,6526.332,6466.657,6471.658,6487.089
"hard|seed3","hard",3,5,300,"klue_em",-3124.6052,0,4,FALSE,4,5,5.001,-5.001,-3124.6052,"klue_ml+klue_em_rp+rp_ml",9,50,-3124.6052,0,-1.76e-07,TRUE,0,4,4,4,6932.155,6643.358,6526.332,6466.657,6471.658,6487.089
"hard|seed3","hard",3,5,300,"klue_em_rp",-3124.6052,0,4,FALSE,4,5,5.001,-5.001,-3124.6052,"klue_ml+klue_em_rp+rp_ml",9,50,-3124.6052,0,-1.76e-07,TRUE,0,4,4,4,6932.155,6643.358,6526.332,6466.657,6471.658,6487.089
"hard|seed3","hard",3,5,300,"apollo_searchStart",-3124.6052,0,4,FALSE,4,5,5.001,-5.001,-3124.6052,"klue_ml+klue_em_rp+rp_ml",9,50,-3124.6052,0,-1.76e-07,TRUE,0,4,4,4,6932.155,6643.358,6526.332,6466.657,6471.658,6487.089
"hard|seed3","hard",3,5,300,"apollo_lcEM",-3124.6052,1e-04,4,FALSE,4,5,5.001,-5.001,-3124.6052,"klue_ml+klue_em_rp+rp_ml",9,50,-3124.6052,0,-1.76e-07,TRUE,0,4,4,4,6932.155,6643.358,6526.332,6466.657,6471.658,6487.089
"hard|seed3","hard",3,5,300,"apollo_clust",-3124.6052,0,4,FALSE,4,5,5.001,-5.001,-3124.6052,"klue_ml+klue_em_rp+rp_ml",9,50,-3124.6052,0,-1.76e-07,TRUE,0,4,4,4,6932.155,6643.358,6526.332,6466.657,6471.658,6487.089
"hard|seed3","hard",3,5,300,"gmnl_lc",-3129.7517,5.1465,4,FALSE,4,5,5.001,-5.001,-3124.6052,"klue_ml+klue_em_rp+rp_ml",9,50,-3124.6052,0,-1.76e-07,TRUE,0,4,4,4,6932.155,6643.358,6526.332,6466.657,6471.658,6487.089
"hard|seed3","hard",3,5,300,"apollo_ss_published",-3135.1263,10.5211,4,FALSE,4,5,5.001,-5.001,-3124.6052,"klue_ml+klue_em_rp+rp_ml",9,50,-3124.6052,0,-1.76e-07,TRUE,0,4,4,4,6932.155,6643.358,6526.332,6466.657,6471.658,6487.089
"hard|seed4","hard",4,5,300,"klue_ml",-3175.3891,0,4,FALSE,4,5,2.498,-2.498,-3175.3891,"klue_ml+klue_em_rp+rp_ml",21,50,-3175.3891,0,-6.8e-07,TRUE,0,4,4,4,6951.603,6671.528,6605.63,6570.728,6573.226,6584.789
"hard|seed4","hard",4,5,300,"klue_em",-3175.3891,0,4,FALSE,4,5,2.498,-2.498,-3175.3891,"klue_ml+klue_em_rp+rp_ml",21,50,-3175.3891,0,-6.8e-07,TRUE,0,4,4,4,6951.603,6671.528,6605.63,6570.728,6573.226,6584.789
"hard|seed4","hard",4,5,300,"klue_em_rp",-3175.3891,0,4,FALSE,4,5,2.498,-2.498,-3175.3891,"klue_ml+klue_em_rp+rp_ml",21,50,-3175.3891,0,-6.8e-07,TRUE,0,4,4,4,6951.603,6671.528,6605.63,6570.728,6573.226,6584.789
"hard|seed4","hard",4,5,300,"apollo_searchStart",-3175.3891,0,4,FALSE,4,5,2.498,-2.498,-3175.3891,"klue_ml+klue_em_rp+rp_ml",21,50,-3175.3891,0,-6.8e-07,TRUE,0,4,4,4,6951.603,6671.528,6605.63,6570.728,6573.226,6584.789
"hard|seed4","hard",4,5,300,"apollo_lcEM",-3175.3893,2e-04,4,FALSE,4,5,2.498,-2.498,-3175.3891,"klue_ml+klue_em_rp+rp_ml",21,50,-3175.3891,0,-6.8e-07,TRUE,0,4,4,4,6951.603,6671.528,6605.63,6570.728,6573.226,6584.789
"hard|seed4","hard",4,5,300,"apollo_clust",-3175.3891,0,4,FALSE,4,5,2.498,-2.498,-3175.3891,"klue_ml+klue_em_rp+rp_ml",21,50,-3175.3891,0,-6.8e-07,TRUE,0,4,4,4,6951.603,6671.528,6605.63,6570.728,6573.226,6584.789
"hard|seed4","hard",4,5,300,"gmnl_lc",-3175.3907,0.0016,4,FALSE,4,5,2.498,-2.498,-3175.3891,"klue_ml+klue_em_rp+rp_ml",21,50,-3175.3891,0,-6.8e-07,TRUE,0,4,4,4,6951.603,6671.528,6605.63,6570.728,6573.226,6584.789
"hard|seed4","hard",4,5,300,"apollo_ss_published",-3177.0443,1.6551,4,FALSE,4,5,2.498,-2.498,-3175.3891,"klue_ml+klue_em_rp+rp_ml",21,50,-3175.3891,0,-6.8e-07,TRUE,0,4,4,4,6951.603,6671.528,6605.63,6570.728,6573.226,6584.789
"hard|seed5","hard",5,5,300,"klue_ml",-3124.1319,0.9842,4,FALSE,4,5,17.727,-17.727,-3123.1477,"rp_ml",1,50,-3123.1477,0,-1.84e-07,TRUE,0,4,4,4,6860.515,6590.28,6487.063,6451.016,6468.743,6490.06
"hard|seed5","hard",5,5,300,"klue_em",-3123.1477,0,4,FALSE,4,5,17.727,-17.727,-3123.1477,"rp_ml",1,50,-3123.1477,0,-1.84e-07,TRUE,0,4,4,4,6860.515,6590.28,6487.063,6451.016,6468.743,6490.06
"hard|seed5","hard",5,5,300,"klue_em_rp",-3124.1319,0.9842,4,FALSE,4,5,17.727,-17.727,-3123.1477,"rp_ml",1,50,-3123.1477,0,-1.84e-07,TRUE,0,4,4,4,6860.515,6590.28,6487.063,6451.016,6468.743,6490.06
"hard|seed5","hard",5,5,300,"apollo_searchStart",-3125.2045,2.0568,4,FALSE,4,5,17.727,-17.727,-3123.1477,"rp_ml",1,50,-3123.1477,0,-1.84e-07,TRUE,0,4,4,4,6860.515,6590.28,6487.063,6451.016,6468.743,6490.06
"hard|seed5","hard",5,5,300,"apollo_lcEM",-3127.7072,4.5595,4,FALSE,4,5,17.727,-17.727,-3123.1477,"rp_ml",1,50,-3123.1477,0,-1.84e-07,TRUE,0,4,4,4,6860.515,6590.28,6487.063,6451.016,6468.743,6490.06
"hard|seed5","hard",5,5,300,"apollo_clust",-3123.1477,0,4,FALSE,4,5,17.727,-17.727,-3123.1477,"rp_ml",1,50,-3123.1477,0,-1.84e-07,TRUE,0,4,4,4,6860.515,6590.28,6487.063,6451.016,6468.743,6490.06
"hard|seed5","hard",5,5,300,"gmnl_lc",-3124.132,0.9843,4,FALSE,4,5,17.727,-17.727,-3123.1477,"rp_ml",1,50,-3123.1477,0,-1.84e-07,TRUE,0,4,4,4,6860.515,6590.28,6487.063,6451.016,6468.743,6490.06
"hard|seed5","hard",5,5,300,"apollo_ss_published",-3125.2045,2.0568,4,FALSE,4,5,17.727,-17.727,-3123.1477,"rp_ml",1,50,-3123.1477,0,-1.84e-07,TRUE,0,4,4,4,6860.515,6590.28,6487.063,6451.016,6468.743,6490.06
"hard|seed6","hard",6,5,300,"klue_ml",-3084.2091,0,4,FALSE,4,5,1.697,-1.697,-3084.2091,"klue_ml+klue_em_rp+rp_ml",23,50,-3084.2091,0,-4.78e-07,TRUE,0,4,4,4,6860.388,6573.048,6415.506,6389.169,6390.866,6411.767
"hard|seed6","hard",6,5,300,"klue_em",-3084.2091,0,4,FALSE,4,5,1.697,-1.697,-3084.2091,"klue_ml+klue_em_rp+rp_ml",23,50,-3084.2091,0,-4.78e-07,TRUE,0,4,4,4,6860.388,6573.048,6415.506,6389.169,6390.866,6411.767
"hard|seed6","hard",6,5,300,"klue_em_rp",-3084.2091,0,4,FALSE,4,5,1.697,-1.697,-3084.2091,"klue_ml+klue_em_rp+rp_ml",23,50,-3084.2091,0,-4.78e-07,TRUE,0,4,4,4,6860.388,6573.048,6415.506,6389.169,6390.866,6411.767
"hard|seed6","hard",6,5,300,"apollo_searchStart",-3084.2091,0,4,FALSE,4,5,1.697,-1.697,-3084.2091,"klue_ml+klue_em_rp+rp_ml",23,50,-3084.2091,0,-4.78e-07,TRUE,0,4,4,4,6860.388,6573.048,6415.506,6389.169,6390.866,6411.767
"hard|seed6","hard",6,5,300,"apollo_lcEM",-3092.5728,8.3638,4,FALSE,4,5,1.697,-1.697,-3084.2091,"klue_ml+klue_em_rp+rp_ml",23,50,-3084.2091,0,-4.78e-07,TRUE,0,4,4,4,6860.388,6573.048,6415.506,6389.169,6390.866,6411.767
"hard|seed6","hard",6,5,300,"apollo_clust",-3084.2091,0,4,FALSE,4,5,1.697,-1.697,-3084.2091,"klue_ml+klue_em_rp+rp_ml",23,50,-3084.2091,0,-4.78e-07,TRUE,0,4,4,4,6860.388,6573.048,6415.506,6389.169,6390.866,6411.767
"hard|seed6","hard",6,5,300,"gmnl_lc",-3084.2102,0.0012,4,FALSE,4,5,1.697,-1.697,-3084.2091,"klue_ml+klue_em_rp+rp_ml",23,50,-3084.2091,0,-4.78e-07,TRUE,0,4,4,4,6860.388,6573.048,6415.506,6389.169,6390.866,6411.767
"hard|seed6","hard",6,5,300,"apollo_ss_published",-3100.3927,16.1836,4,FALSE,4,5,1.697,-1.697,-3084.2091,"klue_ml+klue_em_rp+rp_ml",23,50,-3084.2091,0,-4.78e-07,TRUE,0,4,4,4,6860.388,6573.048,6415.506,6389.169,6390.866,6411.767
"hard|seed7","hard",7,5,300,"klue_ml",-3068.115,0,5,FALSE,5,6,5.115,5.115,-3068.115,"klue_ml+klue_em_rp+rp_ml",30,50,-3068.115,0,-3.34e-07,TRUE,0,5,5,5,6824.376,6529.994,6385.264,6367.876,6358.677,6363.793
"hard|seed7","hard",7,5,300,"klue_em",-3068.115,0,5,FALSE,5,6,5.115,5.115,-3068.115,"klue_ml+klue_em_rp+rp_ml",30,50,-3068.115,0,-3.34e-07,TRUE,0,5,5,5,6824.376,6529.994,6385.264,6367.876,6358.677,6363.793
"hard|seed7","hard",7,5,300,"klue_em_rp",-3068.115,0,5,FALSE,5,6,5.115,5.115,-3068.115,"klue_ml+klue_em_rp+rp_ml",30,50,-3068.115,0,-3.34e-07,TRUE,0,5,5,5,6824.376,6529.994,6385.264,6367.876,6358.677,6363.793
"hard|seed7","hard",7,5,300,"apollo_searchStart",-3068.115,0,5,FALSE,5,6,5.115,5.115,-3068.115,"klue_ml+klue_em_rp+rp_ml",30,50,-3068.115,0,-3.34e-07,TRUE,0,5,5,5,6824.376,6529.994,6385.264,6367.876,6358.677,6363.793
"hard|seed7","hard",7,5,300,"apollo_lcEM",-3068.1151,1e-04,5,FALSE,5,6,5.115,5.115,-3068.115,"klue_ml+klue_em_rp+rp_ml",30,50,-3068.115,0,-3.34e-07,TRUE,0,5,5,5,6824.376,6529.994,6385.264,6367.876,6358.677,6363.793
"hard|seed7","hard",7,5,300,"apollo_clust",-3068.115,0,5,FALSE,5,6,5.115,5.115,-3068.115,"klue_ml+klue_em_rp+rp_ml",30,50,-3068.115,0,-3.34e-07,TRUE,0,5,5,5,6824.376,6529.994,6385.264,6367.876,6358.677,6363.793
"hard|seed7","hard",7,5,300,"gmnl_lc",-3068.1161,0.0012,5,FALSE,5,6,5.115,5.115,-3068.115,"klue_ml+klue_em_rp+rp_ml",30,50,-3068.115,0,-3.34e-07,TRUE,0,5,5,5,6824.376,6529.994,6385.264,6367.876,6358.677,6363.793
"hard|seed7","hard",7,5,300,"apollo_ss_published",-3088.2015,20.0866,6,TRUE,5,6,5.115,5.115,-3068.115,"klue_ml+klue_em_rp+rp_ml",30,50,-3068.115,0,-3.34e-07,TRUE,0,5,5,5,6824.376,6529.994,6385.264,6367.876,6358.677,6363.793
"hard|seed8","hard",8,5,300,"klue_ml",-3156.242,0,4,FALSE,4,5,2.411,-2.411,-3156.242,"klue_ml+klue_em_rp+rp_ml",20,50,-3156.242,0,-1.34e-07,TRUE,0,4,4,4,6940.946,6690.008,6573.69,6532.52,6534.932,6543.591
"hard|seed8","hard",8,5,300,"klue_em",-3156.242,0,4,FALSE,4,5,2.411,-2.411,-3156.242,"klue_ml+klue_em_rp+rp_ml",20,50,-3156.242,0,-1.34e-07,TRUE,0,4,4,4,6940.946,6690.008,6573.69,6532.52,6534.932,6543.591
"hard|seed8","hard",8,5,300,"klue_em_rp",-3156.242,0,4,FALSE,4,5,2.411,-2.411,-3156.242,"klue_ml+klue_em_rp+rp_ml",20,50,-3156.242,0,-1.34e-07,TRUE,0,4,4,4,6940.946,6690.008,6573.69,6532.52,6534.932,6543.591
"hard|seed8","hard",8,5,300,"apollo_searchStart",-3156.242,0,4,FALSE,4,5,2.411,-2.411,-3156.242,"klue_ml+klue_em_rp+rp_ml",20,50,-3156.242,0,-1.34e-07,TRUE,0,4,4,4,6940.946,6690.008,6573.69,6532.52,6534.932,6543.591
"hard|seed8","hard",8,5,300,"apollo_lcEM",-3158.4698,2.2278,4,FALSE,4,5,2.411,-2.411,-3156.242,"klue_ml+klue_em_rp+rp_ml",20,50,-3156.242,0,-1.34e-07,TRUE,0,4,4,4,6940.946,6690.008,6573.69,6532.52,6534.932,6543.591
"hard|seed8","hard",8,5,300,"apollo_clust",-3156.242,0,4,FALSE,4,5,2.411,-2.411,-3156.242,"klue_ml+klue_em_rp+rp_ml",20,50,-3156.242,0,-1.34e-07,TRUE,0,4,4,4,6940.946,6690.008,6573.69,6532.52,6534.932,6543.591
"hard|seed8","hard",8,5,300,"gmnl_lc",-3156.2428,8e-04,4,FALSE,4,5,2.411,-2.411,-3156.242,"klue_ml+klue_em_rp+rp_ml",20,50,-3156.242,0,-1.34e-07,TRUE,0,4,4,4,6940.946,6690.008,6573.69,6532.52,6534.932,6543.591
"hard|seed8","hard",8,5,300,"apollo_ss_published",-3173.8606,17.6186,4,FALSE,4,5,2.411,-2.411,-3156.242,"klue_ml+klue_em_rp+rp_ml",20,50,-3156.242,0,-1.34e-07,TRUE,0,4,4,4,6940.946,6690.008,6573.69,6532.52,6534.932,6543.591
"hard|seed9","hard",9,5,300,"klue_ml",-3083.3365,1.8084,3,FALSE,3,4,2.416,-10.488,-3081.528,"rp_ml",18,50,-3081.528,0,-8.6e-07,TRUE,0,3,3,3,6760.437,6486.327,6375.015,6377.431,6385.504,6403.365
"hard|seed9","hard",9,5,300,"klue_em",-3083.3365,1.8084,3,FALSE,3,4,2.416,-10.488,-3081.528,"rp_ml",18,50,-3081.528,0,-8.6e-07,TRUE,0,3,3,3,6760.437,6486.327,6375.015,6377.431,6385.504,6403.365
"hard|seed9","hard",9,5,300,"klue_em_rp",-3082.912,1.384,3,FALSE,3,4,2.416,-10.488,-3081.528,"rp_ml",18,50,-3081.528,0,-8.6e-07,TRUE,0,3,3,3,6760.437,6486.327,6375.015,6377.431,6385.504,6403.365
"hard|seed9","hard",9,5,300,"apollo_searchStart",-3081.528,0,3,FALSE,3,4,2.416,-10.488,-3081.528,"rp_ml",18,50,-3081.528,0,-8.6e-07,TRUE,0,3,3,3,6760.437,6486.327,6375.015,6377.431,6385.504,6403.365
"hard|seed9","hard",9,5,300,"apollo_lcEM",-3083.3519,1.8239,3,FALSE,3,4,2.416,-10.488,-3081.528,"rp_ml",18,50,-3081.528,0,-8.6e-07,TRUE,0,3,3,3,6760.437,6486.327,6375.015,6377.431,6385.504,6403.365
"hard|seed9","hard",9,5,300,"apollo_clust",-3082.912,1.384,3,FALSE,3,4,2.416,-10.488,-3081.528,"rp_ml",18,50,-3081.528,0,-8.6e-07,TRUE,0,3,3,3,6760.437,6486.327,6375.015,6377.431,6385.504,6403.365
"hard|seed9","hard",9,5,300,"gmnl_lc",-3081.5304,0.0024,3,FALSE,3,4,2.416,-10.488,-3081.528,"rp_ml",18,50,-3081.528,0,-8.6e-07,TRUE,0,3,3,3,6760.437,6486.327,6375.015,6377.431,6385.504,6403.365
"hard|seed9","hard",9,5,300,"apollo_ss_published",-3088.1372,6.6092,3,FALSE,3,4,2.416,-10.488,-3081.528,"rp_ml",18,50,-3081.528,0,-8.6e-07,TRUE,0,3,3,3,6760.437,6486.327,6375.015,6377.431,6385.504,6403.365
"hard|seed10","hard",10,5,300,"klue_ml",-3137.8487,0,4,FALSE,4,3,8.589,-12.595,-3137.8487,"klue_ml+klue_em_rp+rp_ml",10,50,-3137.8487,0,-4.8e-07,TRUE,0,4,4,4,6867.584,6568.055,6494.139,6485.55,6498.145,6516.629
"hard|seed10","hard",10,5,300,"klue_em",-3137.8487,0,4,FALSE,4,3,8.589,-12.595,-3137.8487,"klue_ml+klue_em_rp+rp_ml",10,50,-3137.8487,0,-4.8e-07,TRUE,0,4,4,4,6867.584,6568.055,6494.139,6485.55,6498.145,6516.629
"hard|seed10","hard",10,5,300,"klue_em_rp",-3137.8487,0,4,FALSE,4,3,8.589,-12.595,-3137.8487,"klue_ml+klue_em_rp+rp_ml",10,50,-3137.8487,0,-4.8e-07,TRUE,0,4,4,4,6867.584,6568.055,6494.139,6485.55,6498.145,6516.629
"hard|seed10","hard",10,5,300,"apollo_searchStart",-3137.8487,0,4,FALSE,4,3,8.589,-12.595,-3137.8487,"klue_ml+klue_em_rp+rp_ml",10,50,-3137.8487,0,-4.8e-07,TRUE,0,4,4,4,6867.584,6568.055,6494.139,6485.55,6498.145,6516.629
"hard|seed10","hard",10,5,300,"apollo_lcEM",-3147.4789,9.6302,4,FALSE,4,3,8.589,-12.595,-3137.8487,"klue_ml+klue_em_rp+rp_ml",10,50,-3137.8487,0,-4.8e-07,TRUE,0,4,4,4,6867.584,6568.055,6494.139,6485.55,6498.145,6516.629
"hard|seed10","hard",10,5,300,"apollo_clust",-3137.8487,0,4,FALSE,4,3,8.589,-12.595,-3137.8487,"klue_ml+klue_em_rp+rp_ml",10,50,-3137.8487,0,-4.8e-07,TRUE,0,4,4,4,6867.584,6568.055,6494.139,6485.55,6498.145,6516.629
"hard|seed10","hard",10,5,300,"gmnl_lc",-3137.8493,6e-04,4,FALSE,4,3,8.589,-12.595,-3137.8487,"klue_ml+klue_em_rp+rp_ml",10,50,-3137.8487,0,-4.8e-07,TRUE,0,4,4,4,6867.584,6568.055,6494.139,6485.55,6498.145,6516.629
"hard|seed10","hard",10,5,300,"apollo_ss_published",-3146.8333,8.9846,4,FALSE,4,3,8.589,-12.595,-3137.8487,"klue_ml+klue_em_rp+rp_ml",10,50,-3137.8487,0,-4.8e-07,TRUE,0,4,4,4,6867.584,6568.055,6494.139,6485.55,6498.145,6516.629
"very_hard|seed1","very_hard",1,5,300,"klue_ml",-3212.6984,0,4,FALSE,4,5,8.615,-8.615,-3212.6984,"klue_ml+klue_em_rp+rp_ml",19,50,-3212.6984,0,-4.58e-06,TRUE,0,4,4,4,6867.031,6740.871,6663.726,6639.23,6647.844,6661.055
"very_hard|seed1","very_hard",1,5,300,"klue_em",-3212.6984,0,4,FALSE,4,5,8.615,-8.615,-3212.6984,"klue_ml+klue_em_rp+rp_ml",19,50,-3212.6984,0,-4.58e-06,TRUE,0,4,4,4,6867.031,6740.871,6663.726,6639.23,6647.844,6661.055
"very_hard|seed1","very_hard",1,5,300,"klue_em_rp",-3212.6984,0,4,FALSE,4,5,8.615,-8.615,-3212.6984,"klue_ml+klue_em_rp+rp_ml",19,50,-3212.6984,0,-4.58e-06,TRUE,0,4,4,4,6867.031,6740.871,6663.726,6639.23,6647.844,6661.055
"very_hard|seed1","very_hard",1,5,300,"apollo_searchStart",-3212.6984,0,4,FALSE,4,5,8.615,-8.615,-3212.6984,"klue_ml+klue_em_rp+rp_ml",19,50,-3212.6984,0,-4.58e-06,TRUE,0,4,4,4,6867.031,6740.871,6663.726,6639.23,6647.844,6661.055
"very_hard|seed1","very_hard",1,5,300,"apollo_lcEM",-3217.7274,5.029,4,FALSE,4,5,8.615,-8.615,-3212.6984,"klue_ml+klue_em_rp+rp_ml",19,50,-3212.6984,0,-4.58e-06,TRUE,0,4,4,4,6867.031,6740.871,6663.726,6639.23,6647.844,6661.055
"very_hard|seed1","very_hard",1,5,300,"apollo_clust",-3212.6984,0,4,FALSE,4,5,8.615,-8.615,-3212.6984,"klue_ml+klue_em_rp+rp_ml",19,50,-3212.6984,0,-4.58e-06,TRUE,0,4,4,4,6867.031,6740.871,6663.726,6639.23,6647.844,6661.055
"very_hard|seed1","very_hard",1,5,300,"gmnl_lc",-3212.6989,5e-04,4,FALSE,4,5,8.615,-8.615,-3212.6984,"klue_ml+klue_em_rp+rp_ml",19,50,-3212.6984,0,-4.58e-06,TRUE,0,4,4,4,6867.031,6740.871,6663.726,6639.23,6647.844,6661.055
"very_hard|seed1","very_hard",1,5,300,"apollo_ss_published",-3212.6984,0,4,FALSE,4,5,8.615,-8.615,-3212.6984,"klue_ml+klue_em_rp+rp_ml",19,50,-3212.6984,0,-4.58e-06,TRUE,0,4,4,4,6867.031,6740.871,6663.726,6639.23,6647.844,6661.055
"very_hard|seed2","very_hard",2,5,300,"klue_ml",-3206.8331,0,4,FALSE,4,5,7.497,-7.497,-3206.8331,"klue_ml+klue_em_rp+rp_ml",25,50,-3206.8331,0,-1.4e-07,TRUE,0,4,4,4,6811.288,6699.131,6650.128,6628.616,6636.114,6657.798
"very_hard|seed2","very_hard",2,5,300,"klue_em",-3206.8331,0,4,FALSE,4,5,7.497,-7.497,-3206.8331,"klue_ml+klue_em_rp+rp_ml",25,50,-3206.8331,0,-1.4e-07,TRUE,0,4,4,4,6811.288,6699.131,6650.128,6628.616,6636.114,6657.798
"very_hard|seed2","very_hard",2,5,300,"klue_em_rp",-3206.8331,0,4,FALSE,4,5,7.497,-7.497,-3206.8331,"klue_ml+klue_em_rp+rp_ml",25,50,-3206.8331,0,-1.4e-07,TRUE,0,4,4,4,6811.288,6699.131,6650.128,6628.616,6636.114,6657.798
"very_hard|seed2","very_hard",2,5,300,"apollo_searchStart",-3206.8331,0,4,FALSE,4,5,7.497,-7.497,-3206.8331,"klue_ml+klue_em_rp+rp_ml",25,50,-3206.8331,0,-1.4e-07,TRUE,0,4,4,4,6811.288,6699.131,6650.128,6628.616,6636.114,6657.798
"very_hard|seed2","very_hard",2,5,300,"apollo_lcEM",-3207.1012,0.2682,4,FALSE,4,5,7.497,-7.497,-3206.8331,"klue_ml+klue_em_rp+rp_ml",25,50,-3206.8331,0,-1.4e-07,TRUE,0,4,4,4,6811.288,6699.131,6650.128,6628.616,6636.114,6657.798
"very_hard|seed2","very_hard",2,5,300,"apollo_clust",-3206.8331,0,4,FALSE,4,5,7.497,-7.497,-3206.8331,"klue_ml+klue_em_rp+rp_ml",25,50,-3206.8331,0,-1.4e-07,TRUE,0,4,4,4,6811.288,6699.131,6650.128,6628.616,6636.114,6657.798
"very_hard|seed2","very_hard",2,5,300,"gmnl_lc",-3206.8345,0.0014,4,FALSE,4,5,7.497,-7.497,-3206.8331,"klue_ml+klue_em_rp+rp_ml",25,50,-3206.8331,0,-1.4e-07,TRUE,0,4,4,4,6811.288,6699.131,6650.128,6628.616,6636.114,6657.798
"very_hard|seed2","very_hard",2,5,300,"apollo_ss_published",-3219.256,12.4229,4,FALSE,4,5,7.497,-7.497,-3206.8331,"klue_ml+klue_em_rp+rp_ml",25,50,-3206.8331,0,-1.4e-07,TRUE,0,4,4,4,6811.288,6699.131,6650.128,6628.616,6636.114,6657.798
"very_hard|seed3","very_hard",3,5,300,"klue_ml",-3117.0944,0,4,FALSE,4,5,2.022,-2.022,-3117.0944,"klue_ml+klue_em_rp+rp_ml",8,50,-3117.0944,0,-4.98e-07,TRUE,0,4,4,4,6680.476,6533.797,6471.326,6454.614,6456.636,6462.556
"very_hard|seed3","very_hard",3,5,300,"klue_em",-3117.0944,0,4,FALSE,4,5,2.022,-2.022,-3117.0944,"klue_ml+klue_em_rp+rp_ml",8,50,-3117.0944,0,-4.98e-07,TRUE,0,4,4,4,6680.476,6533.797,6471.326,6454.614,6456.636,6462.556
"very_hard|seed3","very_hard",3,5,300,"klue_em_rp",-3117.0944,0,4,FALSE,4,5,2.022,-2.022,-3117.0944,"klue_ml+klue_em_rp+rp_ml",8,50,-3117.0944,0,-4.98e-07,TRUE,0,4,4,4,6680.476,6533.797,6471.326,6454.614,6456.636,6462.556
"very_hard|seed3","very_hard",3,5,300,"apollo_searchStart",-3117.0944,0,4,FALSE,4,5,2.022,-2.022,-3117.0944,"klue_ml+klue_em_rp+rp_ml",8,50,-3117.0944,0,-4.98e-07,TRUE,0,4,4,4,6680.476,6533.797,6471.326,6454.614,6456.636,6462.556
"very_hard|seed3","very_hard",3,5,300,"apollo_lcEM",-3117.0947,3e-04,4,FALSE,4,5,2.022,-2.022,-3117.0944,"klue_ml+klue_em_rp+rp_ml",8,50,-3117.0944,0,-4.98e-07,TRUE,0,4,4,4,6680.476,6533.797,6471.326,6454.614,6456.636,6462.556
"very_hard|seed3","very_hard",3,5,300,"apollo_clust",-3117.0944,0,4,FALSE,4,5,2.022,-2.022,-3117.0944,"klue_ml+klue_em_rp+rp_ml",8,50,-3117.0944,0,-4.98e-07,TRUE,0,4,4,4,6680.476,6533.797,6471.326,6454.614,6456.636,6462.556
"very_hard|seed3","very_hard",3,5,300,"gmnl_lc",-3119.1328,2.0384,4,FALSE,4,5,2.022,-2.022,-3117.0944,"klue_ml+klue_em_rp+rp_ml",8,50,-3117.0944,0,-4.98e-07,TRUE,0,4,4,4,6680.476,6533.797,6471.326,6454.614,6456.636,6462.556
"very_hard|seed3","very_hard",3,5,300,"apollo_ss_published",-3136.8791,19.7847,4,FALSE,4,5,2.022,-2.022,-3117.0944,"klue_ml+klue_em_rp+rp_ml",8,50,-3117.0944,0,-4.98e-07,TRUE,0,4,4,4,6680.476,6533.797,6471.326,6454.614,6456.636,6462.556
"very_hard|seed4","very_hard",4,5,300,"klue_ml",-3184.3219,0,4,FALSE,4,5,1.732,-1.732,-3184.3219,"klue_ml+klue_em_rp+rp_ml",20,50,-3184.3219,0,-4.79e-07,TRUE,0,4,4,4,6794.149,6668.006,6597.788,6589.359,6591.091,6608.001
"very_hard|seed4","very_hard",4,5,300,"klue_em",-3184.3219,0,4,FALSE,4,5,1.732,-1.732,-3184.3219,"klue_ml+klue_em_rp+rp_ml",20,50,-3184.3219,0,-4.79e-07,TRUE,0,4,4,4,6794.149,6668.006,6597.788,6589.359,6591.091,6608.001
"very_hard|seed4","very_hard",4,5,300,"klue_em_rp",-3184.3219,0,4,FALSE,4,5,1.732,-1.732,-3184.3219,"klue_ml+klue_em_rp+rp_ml",20,50,-3184.3219,0,-4.79e-07,TRUE,0,4,4,4,6794.149,6668.006,6597.788,6589.359,6591.091,6608.001
"very_hard|seed4","very_hard",4,5,300,"apollo_searchStart",-3184.3219,0,4,FALSE,4,5,1.732,-1.732,-3184.3219,"klue_ml+klue_em_rp+rp_ml",20,50,-3184.3219,0,-4.79e-07,TRUE,0,4,4,4,6794.149,6668.006,6597.788,6589.359,6591.091,6608.001
"very_hard|seed4","very_hard",4,5,300,"apollo_lcEM",-3184.4532,0.1313,4,FALSE,4,5,1.732,-1.732,-3184.3219,"klue_ml+klue_em_rp+rp_ml",20,50,-3184.3219,0,-4.79e-07,TRUE,0,4,4,4,6794.149,6668.006,6597.788,6589.359,6591.091,6608.001
"very_hard|seed4","very_hard",4,5,300,"apollo_clust",-3184.3219,0,4,FALSE,4,5,1.732,-1.732,-3184.3219,"klue_ml+klue_em_rp+rp_ml",20,50,-3184.3219,0,-4.79e-07,TRUE,0,4,4,4,6794.149,6668.006,6597.788,6589.359,6591.091,6608.001
"very_hard|seed4","very_hard",4,5,300,"gmnl_lc",-3184.4554,0.1335,4,FALSE,4,5,1.732,-1.732,-3184.3219,"klue_ml+klue_em_rp+rp_ml",20,50,-3184.3219,0,-4.79e-07,TRUE,0,4,4,4,6794.149,6668.006,6597.788,6589.359,6591.091,6608.001
"very_hard|seed4","very_hard",4,5,300,"apollo_ss_published",-3184.4531,0.1311,4,FALSE,4,5,1.732,-1.732,-3184.3219,"klue_ml+klue_em_rp+rp_ml",20,50,-3184.3219,0,-4.79e-07,TRUE,0,4,4,4,6794.149,6668.006,6597.788,6589.359,6591.091,6608.001
"very_hard|seed5","very_hard",5,5,300,"klue_ml",-3197.5215,0.1305,4,FALSE,4,5,8.232,-8.232,-3197.3909,"klue_em_rp+rp_ml",5,50,-3197.3909,0,-4.97e-07,TRUE,0,4,4,4,6864.561,6743.909,6654.486,6608.997,6617.229,6629.791
"very_hard|seed5","very_hard",5,5,300,"klue_em",-3197.5215,0.1305,4,FALSE,4,5,8.232,-8.232,-3197.3909,"klue_em_rp+rp_ml",5,50,-3197.3909,0,-4.97e-07,TRUE,0,4,4,4,6864.561,6743.909,6654.486,6608.997,6617.229,6629.791
"very_hard|seed5","very_hard",5,5,300,"klue_em_rp",-3197.391,0,4,FALSE,4,5,8.232,-8.232,-3197.3909,"klue_em_rp+rp_ml",5,50,-3197.3909,0,-4.97e-07,TRUE,0,4,4,4,6864.561,6743.909,6654.486,6608.997,6617.229,6629.791
"very_hard|seed5","very_hard",5,5,300,"apollo_searchStart",-3197.3909,0,4,FALSE,4,5,8.232,-8.232,-3197.3909,"klue_em_rp+rp_ml",5,50,-3197.3909,0,-4.97e-07,TRUE,0,4,4,4,6864.561,6743.909,6654.486,6608.997,6617.229,6629.791
"very_hard|seed5","very_hard",5,5,300,"apollo_lcEM",-3200.6726,3.2816,4,FALSE,4,5,8.232,-8.232,-3197.3909,"klue_em_rp+rp_ml",5,50,-3197.3909,0,-4.97e-07,TRUE,0,4,4,4,6864.561,6743.909,6654.486,6608.997,6617.229,6629.791
"very_hard|seed5","very_hard",5,5,300,"apollo_clust",-3197.5215,0.1305,4,FALSE,4,5,8.232,-8.232,-3197.3909,"klue_em_rp+rp_ml",5,50,-3197.3909,0,-4.97e-07,TRUE,0,4,4,4,6864.561,6743.909,6654.486,6608.997,6617.229,6629.791
"very_hard|seed5","very_hard",5,5,300,"gmnl_lc",-3202.1205,4.7295,4,FALSE,4,5,8.232,-8.232,-3197.3909,"klue_em_rp+rp_ml",5,50,-3197.3909,0,-4.97e-07,TRUE,0,4,4,4,6864.561,6743.909,6654.486,6608.997,6617.229,6629.791
"very_hard|seed5","very_hard",5,5,300,"apollo_ss_published",-3200.9849,3.5939,4,FALSE,4,5,8.232,-8.232,-3197.3909,"klue_em_rp+rp_ml",5,50,-3197.3909,0,-4.97e-07,TRUE,0,4,4,4,6864.561,6743.909,6654.486,6608.997,6617.229,6629.791
"very_hard|seed6","very_hard",6,5,300,"klue_ml",-3180.7929,0,4,FALSE,4,5,11.609,-11.609,-3180.7929,"klue_ml+klue_em_rp+rp_ml",6,50,-3180.7929,0,-3.56e-05,TRUE,0,4,4,4,6852.072,6706.372,6617.575,6572.424,6584.033,6605.627
"very_hard|seed6","very_hard",6,5,300,"klue_em",-3180.793,0,4,FALSE,4,5,11.609,-11.609,-3180.7929,"klue_ml+klue_em_rp+rp_ml",6,50,-3180.7929,0,-3.56e-05,TRUE,0,4,4,4,6852.072,6706.372,6617.575,6572.424,6584.033,6605.627
"very_hard|seed6","very_hard",6,5,300,"klue_em_rp",-3180.793,0,4,FALSE,4,5,11.609,-11.609,-3180.7929,"klue_ml+klue_em_rp+rp_ml",6,50,-3180.7929,0,-3.56e-05,TRUE,0,4,4,4,6852.072,6706.372,6617.575,6572.424,6584.033,6605.627
"very_hard|seed6","very_hard",6,5,300,"apollo_searchStart",-3180.7929,0,4,FALSE,4,5,11.609,-11.609,-3180.7929,"klue_ml+klue_em_rp+rp_ml",6,50,-3180.7929,0,-3.56e-05,TRUE,0,4,4,4,6852.072,6706.372,6617.575,6572.424,6584.033,6605.627
"very_hard|seed6","very_hard",6,5,300,"apollo_lcEM",-3183.9268,3.1338,4,FALSE,4,5,11.609,-11.609,-3180.7929,"klue_ml+klue_em_rp+rp_ml",6,50,-3180.7929,0,-3.56e-05,TRUE,0,4,4,4,6852.072,6706.372,6617.575,6572.424,6584.033,6605.627
"very_hard|seed6","very_hard",6,5,300,"apollo_clust",-3180.7929,0,4,FALSE,4,5,11.609,-11.609,-3180.7929,"klue_ml+klue_em_rp+rp_ml",6,50,-3180.7929,0,-3.56e-05,TRUE,0,4,4,4,6852.072,6706.372,6617.575,6572.424,6584.033,6605.627
"very_hard|seed6","very_hard",6,5,300,"gmnl_lc",-3180.7946,0.0017,4,FALSE,4,5,11.609,-11.609,-3180.7929,"klue_ml+klue_em_rp+rp_ml",6,50,-3180.7929,0,-3.56e-05,TRUE,0,4,4,4,6852.072,6706.372,6617.575,6572.424,6584.033,6605.627
"very_hard|seed6","very_hard",6,5,300,"apollo_ss_published",-3189.0287,8.2358,4,FALSE,4,5,11.609,-11.609,-3180.7929,"klue_ml+klue_em_rp+rp_ml",6,50,-3180.7929,0,-3.56e-05,TRUE,0,4,4,4,6852.072,6706.372,6617.575,6572.424,6584.033,6605.627
"very_hard|seed7","very_hard",7,5,300,"klue_ml",-3265.7025,0,4,FALSE,4,5,11.046,-11.046,-3265.7025,"klue_ml+rp_ml",6,50,-3265.7025,0,-2.17e-06,TRUE,0,4,4,4,6959.537,6839.457,6764.399,6742.807,6753.852,6768.593
"very_hard|seed7","very_hard",7,5,300,"klue_em",-3265.7025,0,4,FALSE,4,5,11.046,-11.046,-3265.7025,"klue_ml+rp_ml",6,50,-3265.7025,0,-2.17e-06,TRUE,0,4,4,4,6959.537,6839.457,6764.399,6742.807,6753.852,6768.593
"very_hard|seed7","very_hard",7,5,300,"klue_em_rp",-3266.9297,1.2272,4,FALSE,4,5,11.046,-11.046,-3265.7025,"klue_ml+rp_ml",6,50,-3265.7025,0,-2.17e-06,TRUE,0,4,4,4,6959.537,6839.457,6764.399,6742.807,6753.852,6768.593
"very_hard|seed7","very_hard",7,5,300,"apollo_searchStart",-3265.7025,0,4,FALSE,4,5,11.046,-11.046,-3265.7025,"klue_ml+rp_ml",6,50,-3265.7025,0,-2.17e-06,TRUE,0,4,4,4,6959.537,6839.457,6764.399,6742.807,6753.852,6768.593
"very_hard|seed7","very_hard",7,5,300,"apollo_lcEM",-3266.9448,1.2423,4,FALSE,4,5,11.046,-11.046,-3265.7025,"klue_ml+rp_ml",6,50,-3265.7025,0,-2.17e-06,TRUE,0,4,4,4,6959.537,6839.457,6764.399,6742.807,6753.852,6768.593
"very_hard|seed7","very_hard",7,5,300,"apollo_clust",-3265.7025,0,4,FALSE,4,5,11.046,-11.046,-3265.7025,"klue_ml+rp_ml",6,50,-3265.7025,0,-2.17e-06,TRUE,0,4,4,4,6959.537,6839.457,6764.399,6742.807,6753.852,6768.593
"very_hard|seed7","very_hard",7,5,300,"gmnl_lc",-3266.9298,1.2273,4,FALSE,4,5,11.046,-11.046,-3265.7025,"klue_ml+rp_ml",6,50,-3265.7025,0,-2.17e-06,TRUE,0,4,4,4,6959.537,6839.457,6764.399,6742.807,6753.852,6768.593
"very_hard|seed7","very_hard",7,5,300,"apollo_ss_published",-3266.9297,1.2272,4,FALSE,4,5,11.046,-11.046,-3265.7025,"klue_ml+rp_ml",6,50,-3265.7025,0,-2.17e-06,TRUE,0,4,4,4,6959.537,6839.457,6764.399,6742.807,6753.852,6768.593
"very_hard|seed8","very_hard",8,5,300,"klue_ml",-3207.5262,1.9869,4,FALSE,4,5,4.087,-4.087,-3205.5394,"klue_em_rp+rp_ml",19,50,-3205.5394,0,-4.35e-07,TRUE,0,4,4,4,6836.185,6725.467,6639.172,6629.439,6633.526,6644.561
"very_hard|seed8","very_hard",8,5,300,"klue_em",-3207.5262,1.9869,4,FALSE,4,5,4.087,-4.087,-3205.5394,"klue_em_rp+rp_ml",19,50,-3205.5394,0,-4.35e-07,TRUE,0,4,4,4,6836.185,6725.467,6639.172,6629.439,6633.526,6644.561
"very_hard|seed8","very_hard",8,5,300,"klue_em_rp",-3205.5394,0,4,FALSE,4,5,4.087,-4.087,-3205.5394,"klue_em_rp+rp_ml",19,50,-3205.5394,0,-4.35e-07,TRUE,0,4,4,4,6836.185,6725.467,6639.172,6629.439,6633.526,6644.561
"very_hard|seed8","very_hard",8,5,300,"apollo_searchStart",-3205.5394,0,4,FALSE,4,5,4.087,-4.087,-3205.5394,"klue_em_rp+rp_ml",19,50,-3205.5394,0,-4.35e-07,TRUE,0,4,4,4,6836.185,6725.467,6639.172,6629.439,6633.526,6644.561
"very_hard|seed8","very_hard",8,5,300,"apollo_lcEM",-3207.759,2.2196,4,FALSE,4,5,4.087,-4.087,-3205.5394,"klue_em_rp+rp_ml",19,50,-3205.5394,0,-4.35e-07,TRUE,0,4,4,4,6836.185,6725.467,6639.172,6629.439,6633.526,6644.561
"very_hard|seed8","very_hard",8,5,300,"apollo_clust",-3207.5262,1.9869,4,FALSE,4,5,4.087,-4.087,-3205.5394,"klue_em_rp+rp_ml",19,50,-3205.5394,0,-4.35e-07,TRUE,0,4,4,4,6836.185,6725.467,6639.172,6629.439,6633.526,6644.561
"very_hard|seed8","very_hard",8,5,300,"gmnl_lc",-3205.54,6e-04,4,FALSE,4,5,4.087,-4.087,-3205.5394,"klue_em_rp+rp_ml",19,50,-3205.5394,0,-4.35e-07,TRUE,0,4,4,4,6836.185,6725.467,6639.172,6629.439,6633.526,6644.561
"very_hard|seed8","very_hard",8,5,300,"apollo_ss_published",-3209.9427,4.4033,4,FALSE,4,5,4.087,-4.087,-3205.5394,"klue_em_rp+rp_ml",19,50,-3205.5394,0,-4.35e-07,TRUE,0,4,4,4,6836.185,6725.467,6639.172,6629.439,6633.526,6644.561
"very_hard|seed9","very_hard",9,5,300,"klue_ml",-3202.3171,0,4,FALSE,4,5,4.728,-4.728,-3202.3171,"klue_ml+klue_em_rp+rp_ml",2,50,-3202.3171,0,-9.8e-07,TRUE,0,4,4,4,6890.264,6724.207,6629.913,6622.354,6627.082,6631.659
"very_hard|seed9","very_hard",9,5,300,"klue_em",-3202.3171,0,4,FALSE,4,5,4.728,-4.728,-3202.3171,"klue_ml+klue_em_rp+rp_ml",2,50,-3202.3171,0,-9.8e-07,TRUE,0,4,4,4,6890.264,6724.207,6629.913,6622.354,6627.082,6631.659
"very_hard|seed9","very_hard",9,5,300,"klue_em_rp",-3202.3171,0,4,FALSE,4,5,4.728,-4.728,-3202.3171,"klue_ml+klue_em_rp+rp_ml",2,50,-3202.3171,0,-9.8e-07,TRUE,0,4,4,4,6890.264,6724.207,6629.913,6622.354,6627.082,6631.659
"very_hard|seed9","very_hard",9,5,300,"apollo_searchStart",-3202.3171,0,4,FALSE,4,5,4.728,-4.728,-3202.3171,"klue_ml+klue_em_rp+rp_ml",2,50,-3202.3171,0,-9.8e-07,TRUE,0,4,4,4,6890.264,6724.207,6629.913,6622.354,6627.082,6631.659
"very_hard|seed9","very_hard",9,5,300,"apollo_lcEM",-3211.7233,9.4063,4,FALSE,4,5,4.728,-4.728,-3202.3171,"klue_ml+klue_em_rp+rp_ml",2,50,-3202.3171,0,-9.8e-07,TRUE,0,4,4,4,6890.264,6724.207,6629.913,6622.354,6627.082,6631.659
"very_hard|seed9","very_hard",9,5,300,"apollo_clust",-3202.3171,0,4,FALSE,4,5,4.728,-4.728,-3202.3171,"klue_ml+klue_em_rp+rp_ml",2,50,-3202.3171,0,-9.8e-07,TRUE,0,4,4,4,6890.264,6724.207,6629.913,6622.354,6627.082,6631.659
"very_hard|seed9","very_hard",9,5,300,"gmnl_lc",-3203.7411,1.424,4,FALSE,4,5,4.728,-4.728,-3202.3171,"klue_ml+klue_em_rp+rp_ml",2,50,-3202.3171,0,-9.8e-07,TRUE,0,4,4,4,6890.264,6724.207,6629.913,6622.354,6627.082,6631.659
"very_hard|seed9","very_hard",9,5,300,"apollo_ss_published",-3205.6843,3.3672,4,FALSE,4,5,4.728,-4.728,-3202.3171,"klue_ml+klue_em_rp+rp_ml",2,50,-3202.3171,0,-9.8e-07,TRUE,0,4,4,4,6890.264,6724.207,6629.913,6622.354,6627.082,6631.659
"very_hard|seed10","very_hard",10,5,300,"klue_ml",-3202.6792,0,5,FALSE,5,4,7.533,7.533,-3202.6792,"klue_ml+klue_em_rp+rp_ml",30,50,-3202.6792,0,-6.8e-06,TRUE,0,5,5,5,6873.834,6744.661,6672.327,6635.339,6627.806,6644.483
"very_hard|seed10","very_hard",10,5,300,"klue_em",-3202.6792,0,5,FALSE,5,4,7.533,7.533,-3202.6792,"klue_ml+klue_em_rp+rp_ml",30,50,-3202.6792,0,-6.8e-06,TRUE,0,5,5,5,6873.834,6744.661,6672.327,6635.339,6627.806,6644.483
"very_hard|seed10","very_hard",10,5,300,"klue_em_rp",-3202.6792,0,5,FALSE,5,4,7.533,7.533,-3202.6792,"klue_ml+klue_em_rp+rp_ml",30,50,-3202.6792,0,-6.8e-06,TRUE,0,5,5,5,6873.834,6744.661,6672.327,6635.339,6627.806,6644.483
"very_hard|seed10","very_hard",10,5,300,"apollo_searchStart",-3202.6792,0,5,FALSE,5,4,7.533,7.533,-3202.6792,"klue_ml+klue_em_rp+rp_ml",30,50,-3202.6792,0,-6.8e-06,TRUE,0,5,5,5,6873.834,6744.661,6672.327,6635.339,6627.806,6644.483
"very_hard|seed10","very_hard",10,5,300,"apollo_lcEM",-3203.0185,0.3393,5,FALSE,5,4,7.533,7.533,-3202.6792,"klue_ml+klue_em_rp+rp_ml",30,50,-3202.6792,0,-6.8e-06,TRUE,0,5,5,5,6873.834,6744.661,6672.327,6635.339,6627.806,6644.483
"very_hard|seed10","very_hard",10,5,300,"apollo_clust",-3202.6792,0,5,FALSE,5,4,7.533,7.533,-3202.6792,"klue_ml+klue_em_rp+rp_ml",30,50,-3202.6792,0,-6.8e-06,TRUE,0,5,5,5,6873.834,6744.661,6672.327,6635.339,6627.806,6644.483
"very_hard|seed10","very_hard",10,5,300,"gmnl_lc",-3202.6847,0.0055,5,FALSE,5,4,7.533,7.533,-3202.6792,"klue_ml+klue_em_rp+rp_ml",30,50,-3202.6792,0,-6.8e-06,TRUE,0,5,5,5,6873.834,6744.661,6672.327,6635.339,6627.806,6644.483
"very_hard|seed10","very_hard",10,5,300,"apollo_ss_published",-3213.7675,11.0883,4,TRUE,5,4,7.533,7.533,-3202.6792,"klue_ml+klue_em_rp+rp_ml",30,50,-3202.6792,0,-6.8e-06,TRUE,0,5,5,5,6873.834,6744.661,6672.327,6635.339,6627.806,6644.483
"moderate|seed2","moderate",2,4,240,"klue_ml",-2312.4555,0,4,FALSE,4,5,20.346,20.346,-2312.4555,"klue_ml+klue_em_rp+rp_ml",47,50,-2312.4555,0,-4.98e-07,TRUE,0,4,4,4,5512.504,5092.939,4894.917,4794.811,4815.157,4840.448
"moderate|seed2","moderate",2,4,240,"klue_em",-2312.4555,0,4,FALSE,4,5,20.346,20.346,-2312.4555,"klue_ml+klue_em_rp+rp_ml",47,50,-2312.4555,0,-4.98e-07,TRUE,0,4,4,4,5512.504,5092.939,4894.917,4794.811,4815.157,4840.448
"moderate|seed2","moderate",2,4,240,"klue_em_rp",-2312.4555,0,4,FALSE,4,5,20.346,20.346,-2312.4555,"klue_ml+klue_em_rp+rp_ml",47,50,-2312.4555,0,-4.98e-07,TRUE,0,4,4,4,5512.504,5092.939,4894.917,4794.811,4815.157,4840.448
"moderate|seed2","moderate",2,4,240,"apollo_searchStart",-2312.4555,0,4,FALSE,4,5,20.346,20.346,-2312.4555,"klue_ml+klue_em_rp+rp_ml",47,50,-2312.4555,0,-4.98e-07,TRUE,0,4,4,4,5512.504,5092.939,4894.917,4794.811,4815.157,4840.448
"moderate|seed2","moderate",2,4,240,"apollo_lcEM",-2312.4555,0,4,FALSE,4,5,20.346,20.346,-2312.4555,"klue_ml+klue_em_rp+rp_ml",47,50,-2312.4555,0,-4.98e-07,TRUE,0,4,4,4,5512.504,5092.939,4894.917,4794.811,4815.157,4840.448
"moderate|seed2","moderate",2,4,240,"apollo_clust",-2312.4555,0,4,FALSE,4,5,20.346,20.346,-2312.4555,"klue_ml+klue_em_rp+rp_ml",47,50,-2312.4555,0,-4.98e-07,TRUE,0,4,4,4,5512.504,5092.939,4894.917,4794.811,4815.157,4840.448
"moderate|seed2","moderate",2,4,240,"gmnl_lc",-2312.4555,0,4,FALSE,4,5,20.346,20.346,-2312.4555,"klue_ml+klue_em_rp+rp_ml",47,50,-2312.4555,0,-4.98e-07,TRUE,0,4,4,4,5512.504,5092.939,4894.917,4794.811,4815.157,4840.448
"moderate|seed2","moderate",2,4,240,"apollo_ss_published",-2374.2962,61.8407,5,TRUE,4,5,20.346,20.346,-2312.4555,"klue_ml+klue_em_rp+rp_ml",47,50,-2312.4555,0,-4.98e-07,TRUE,0,4,4,4,5512.504,5092.939,4894.917,4794.811,4815.157,4840.448
