"part","case","C","N","data_seed","price_scale","measure","value","tolerance","within_tolerance","note","klue","apollo","numDeriv","R"
"fit","A",2,300,11,1,"klue_LL",-2077.75158455449,NA,NA,"klue_lcmnl defaults, 0.7 s","0.10.0","0.3.5","2016.8.1.1","4.3.1"
"fit","A",2,300,11,1,"independent_LL_minus_klue_LL",0,NA,NA,"the independent log-likelihood at klue's optimum","0.10.0","0.3.5","2016.8.1.1","4.3.1"
"fit","A",2,300,11,1,"max_abs_gradient_at_optimum",0.000190073548627235,NA,NA,"klue's analytic gradient of the negative log-likelihood","0.10.0","0.3.5","2016.8.1.1","4.3.1"
"gradient","A",2,300,11,1,"grad_rel_vs_numDeriv_klue_LL",6.51295826229965e-08,NA,NA,"max|g_analytic - g_numDeriv| / max|g_numDeriv| at optimum + N(0, 0.05^2) noise","0.10.0","0.3.5","2016.8.1.1","4.3.1"
"gradient","A",2,300,11,1,"grad_rel_vs_numDeriv_independent_LL",6.52388901825459e-08,NA,NA,"as above, independent log-likelihood","0.10.0","0.3.5","2016.8.1.1","4.3.1"
"classical_se","A",2,300,11,1,"se_rel_vs_numDeriv_hessian_klue_LL",1.20813109490718e-06,1e-05,TRUE,"inverse of numDeriv::hessian (Richardson) of klue's log-likelihood","0.10.0","0.3.5","2016.8.1.1","4.3.1"
"classical_se","A",2,300,11,1,"se_rel_vs_independent_numerical_hessian",1.04538920856726e-06,1e-05,TRUE,"inverse of numDeriv::hessian (Richardson) of the independent log-likelihood","0.10.0","0.3.5","2016.8.1.1","4.3.1"
"classical_se","A",2,300,11,1,"vcov_maxdiff_vs_independent_corr_units",2.09077951006342e-06,NA,NA,"whole matrix, off-diagonals included, scaled by the independent SEs","0.10.0","0.3.5","2016.8.1.1","4.3.1"
"classical_se","A",2,300,11,1,"min_eigenvalue_independent_hessian",22.8048168750541,NA,NA,"positive: the optimum is a maximum","0.10.0","0.3.5","2016.8.1.1","4.3.1"
"robust_se","A",2,300,11,1,"rse_rel_vs_independent_sandwich",2.0896539234659e-06,NA,NA,"independent Hessian and numDeriv::jacobian per-respondent scores","0.10.0","0.3.5","2016.8.1.1","4.3.1"
"apollo_fit","A",2,300,11,1,"apollo_successful_estimation",1,NA,NA,"Apollo's own convergence flag (1 = TRUE)","0.10.0","0.3.5","2016.8.1.1","4.3.1"
"apollo_fit","A",2,300,11,1,"apollo_LL_minus_klue_LL",5.04769559483975e-10,NA,NA,"apollo_estimate from klue's optimum, 1.5 s","0.10.0","0.3.5","2016.8.1.1","4.3.1"
"apollo_fit","A",2,300,11,1,"apollo_max_abs_parameter_move",2.87549315602931e-06,NA,NA,"Apollo's Hessian: numerical jacobian of LL analytical gradient","0.10.0","0.3.5","2016.8.1.1","4.3.1"
"classical_se","A",2,300,11,1,"se_rel_vs_apollo",9.15176513278525e-07,1e-05,TRUE,"SEs as each package reports them (klue at its optimum, Apollo at its own)","0.10.0","0.3.5","2016.8.1.1","4.3.1"
"classical_se","A",2,300,11,1,"se_rel_vs_apollo_same_point",4.20220289625946e-08,1e-05,TRUE,"klue's covariance recomputed at Apollo's estimates","0.10.0","0.3.5","2016.8.1.1","4.3.1"
"robust_se","A",2,300,11,1,"rse_rel_vs_apollo",0.00166797281422011,NA,NA,"before Apollo's factor","0.10.0","0.3.5","2016.8.1.1","4.3.1"
"robust_se","A",2,300,11,1,"sqrt_N_over_N_minus_1_minus_1",0.00167084494126679,NA,NA,"N = 300 respondents","0.10.0","0.3.5","2016.8.1.1","4.3.1"
"robust_se","A",2,300,11,1,"rse_rel_vs_apollo_after_factor",1.94694080814984e-06,1e-05,TRUE,"klue's robust SEs times sqrt(N/(N-1))","0.10.0","0.3.5","2016.8.1.1","4.3.1"
"robust_se","A",2,300,11,1,"rse_rel_vs_apollo_after_factor_same_point",8.40442262810273e-08,1e-05,TRUE,"klue's sandwich recomputed at Apollo's estimates, times sqrt(N/(N-1))","0.10.0","0.3.5","2016.8.1.1","4.3.1"
"fit","B",2,300,12,1,"klue_LL",-2708.20177794843,NA,NA,"klue_lcmnl defaults, 0.8 s","0.10.0","0.3.5","2016.8.1.1","4.3.1"
"fit","B",2,300,12,1,"independent_LL_minus_klue_LL",0,NA,NA,"the independent log-likelihood at klue's optimum","0.10.0","0.3.5","2016.8.1.1","4.3.1"
"fit","B",2,300,12,1,"max_abs_gradient_at_optimum",0.00011226780054049,NA,NA,"klue's analytic gradient of the negative log-likelihood","0.10.0","0.3.5","2016.8.1.1","4.3.1"
"gradient","B",2,300,12,1,"grad_rel_vs_numDeriv_klue_LL",1.7770397353109e-07,NA,NA,"max|g_analytic - g_numDeriv| / max|g_numDeriv| at optimum + N(0, 0.05^2) noise","0.10.0","0.3.5","2016.8.1.1","4.3.1"
"gradient","B",2,300,12,1,"grad_rel_vs_numDeriv_independent_LL",1.72716517660816e-07,NA,NA,"as above, independent log-likelihood","0.10.0","0.3.5","2016.8.1.1","4.3.1"
"classical_se","B",2,300,12,1,"se_rel_vs_numDeriv_hessian_klue_LL",6.91840040064859e-06,1e-05,TRUE,"inverse of numDeriv::hessian (Richardson) of klue's log-likelihood","0.10.0","0.3.5","2016.8.1.1","4.3.1"
"classical_se","B",2,300,12,1,"se_rel_vs_independent_numerical_hessian",4.7078775090854e-06,1e-05,TRUE,"inverse of numDeriv::hessian (Richardson) of the independent log-likelihood","0.10.0","0.3.5","2016.8.1.1","4.3.1"
"classical_se","B",2,300,12,1,"vcov_maxdiff_vs_independent_corr_units",9.41577718252276e-06,NA,NA,"whole matrix, off-diagonals included, scaled by the independent SEs","0.10.0","0.3.5","2016.8.1.1","4.3.1"
"classical_se","B",2,300,12,1,"min_eigenvalue_independent_hessian",30.4313943315424,NA,NA,"positive: the optimum is a maximum","0.10.0","0.3.5","2016.8.1.1","4.3.1"
"robust_se","B",2,300,12,1,"rse_rel_vs_independent_sandwich",9.29930171327558e-06,NA,NA,"independent Hessian and numDeriv::jacobian per-respondent scores","0.10.0","0.3.5","2016.8.1.1","4.3.1"
"apollo_fit","B",2,300,12,1,"apollo_successful_estimation",1,NA,NA,"Apollo's own convergence flag (1 = TRUE)","0.10.0","0.3.5","2016.8.1.1","4.3.1"
"apollo_fit","B",2,300,12,1,"apollo_LL_minus_klue_LL",8.18545231595635e-11,NA,NA,"apollo_estimate from klue's optimum, 1.2 s","0.10.0","0.3.5","2016.8.1.1","4.3.1"
"apollo_fit","B",2,300,12,1,"apollo_max_abs_parameter_move",3.63891792407034e-07,NA,NA,"Apollo's Hessian: numerical jacobian of LL analytical gradient","0.10.0","0.3.5","2016.8.1.1","4.3.1"
"classical_se","B",2,300,12,1,"se_rel_vs_apollo",1.48454175865287e-07,1e-05,TRUE,"SEs as each package reports them (klue at its optimum, Apollo at its own)","0.10.0","0.3.5","2016.8.1.1","4.3.1"
"classical_se","B",2,300,12,1,"se_rel_vs_apollo_same_point",8.17153598645222e-08,1e-05,TRUE,"klue's covariance recomputed at Apollo's estimates","0.10.0","0.3.5","2016.8.1.1","4.3.1"
"robust_se","B",2,300,12,1,"rse_rel_vs_apollo",0.00166835713457364,NA,NA,"before Apollo's factor","0.10.0","0.3.5","2016.8.1.1","4.3.1"
"robust_se","B",2,300,12,1,"sqrt_N_over_N_minus_1_minus_1",0.00167084494126679,NA,NA,"N = 300 respondents","0.10.0","0.3.5","2016.8.1.1","4.3.1"
"robust_se","B",2,300,12,1,"rse_rel_vs_apollo_after_factor",2.99759385331676e-07,1e-05,TRUE,"klue's robust SEs times sqrt(N/(N-1))","0.10.0","0.3.5","2016.8.1.1","4.3.1"
"robust_se","B",2,300,12,1,"rse_rel_vs_apollo_after_factor_same_point",1.74526535425195e-07,1e-05,TRUE,"klue's sandwich recomputed at Apollo's estimates, times sqrt(N/(N-1))","0.10.0","0.3.5","2016.8.1.1","4.3.1"
"fit","C",3,450,13,1,"klue_LL",-3846.10193086846,NA,NA,"klue_lcmnl defaults, 2.0 s","0.10.0","0.3.5","2016.8.1.1","4.3.1"
"fit","C",3,450,13,1,"independent_LL_minus_klue_LL",4.54747350886464e-13,NA,NA,"the independent log-likelihood at klue's optimum","0.10.0","0.3.5","2016.8.1.1","4.3.1"
"fit","C",3,450,13,1,"max_abs_gradient_at_optimum",0.0073544235670224,NA,NA,"klue's analytic gradient of the negative log-likelihood","0.10.0","0.3.5","2016.8.1.1","4.3.1"
"gradient","C",3,450,13,1,"grad_rel_vs_numDeriv_klue_LL",3.20916065564305e-06,NA,NA,"max|g_analytic - g_numDeriv| / max|g_numDeriv| at optimum + N(0, 0.05^2) noise","0.10.0","0.3.5","2016.8.1.1","4.3.1"
"gradient","C",3,450,13,1,"grad_rel_vs_numDeriv_independent_LL",3.20914149333384e-06,NA,NA,"as above, independent log-likelihood","0.10.0","0.3.5","2016.8.1.1","4.3.1"
"classical_se","C",3,450,13,1,"se_rel_vs_numDeriv_hessian_klue_LL",5.73620426173984e-06,1e-05,TRUE,"inverse of numDeriv::hessian (Richardson) of klue's log-likelihood","0.10.0","0.3.5","2016.8.1.1","4.3.1"
"classical_se","C",3,450,13,1,"se_rel_vs_independent_numerical_hessian",6.58386171130737e-06,1e-05,TRUE,"inverse of numDeriv::hessian (Richardson) of the independent log-likelihood","0.10.0","0.3.5","2016.8.1.1","4.3.1"
"classical_se","C",3,450,13,1,"vcov_maxdiff_vs_independent_corr_units",1.31677667698617e-05,NA,NA,"whole matrix, off-diagonals included, scaled by the independent SEs","0.10.0","0.3.5","2016.8.1.1","4.3.1"
"classical_se","C",3,450,13,1,"min_eigenvalue_independent_hessian",19.0040561271482,NA,NA,"positive: the optimum is a maximum","0.10.0","0.3.5","2016.8.1.1","4.3.1"
"robust_se","C",3,450,13,1,"rse_rel_vs_independent_sandwich",1.31724999228783e-05,NA,NA,"independent Hessian and numDeriv::jacobian per-respondent scores","0.10.0","0.3.5","2016.8.1.1","4.3.1"
"apollo_fit","C",3,450,13,1,"apollo_successful_estimation",1,NA,NA,"Apollo's own convergence flag (1 = TRUE)","0.10.0","0.3.5","2016.8.1.1","4.3.1"
"apollo_fit","C",3,450,13,1,"apollo_LL_minus_klue_LL",3.57983481080737e-07,NA,NA,"apollo_estimate from klue's optimum, 4.5 s","0.10.0","0.3.5","2016.8.1.1","4.3.1"
"apollo_fit","C",3,450,13,1,"apollo_max_abs_parameter_move",2.58426570363679e-05,NA,NA,"Apollo's Hessian: numerical jacobian of LL analytical gradient","0.10.0","0.3.5","2016.8.1.1","4.3.1"
"classical_se","C",3,450,13,1,"se_rel_vs_apollo",4.19185782021287e-06,1e-05,TRUE,"SEs as each package reports them (klue at its optimum, Apollo at its own)","0.10.0","0.3.5","2016.8.1.1","4.3.1"
"classical_se","C",3,450,13,1,"se_rel_vs_apollo_same_point",9.34906870638975e-08,1e-05,TRUE,"klue's covariance recomputed at Apollo's estimates","0.10.0","0.3.5","2016.8.1.1","4.3.1"
"robust_se","C",3,450,13,1,"rse_rel_vs_apollo",0.00111983783707124,NA,NA,"before Apollo's factor","0.10.0","0.3.5","2016.8.1.1","4.3.1"
"robust_se","C",3,450,13,1,"sqrt_N_over_N_minus_1_minus_1",0.00111296639899972,NA,NA,"N = 450 respondents","0.10.0","0.3.5","2016.8.1.1","4.3.1"
"robust_se","C",3,450,13,1,"rse_rel_vs_apollo_after_factor",8.1177799565098e-06,1e-05,TRUE,"klue's robust SEs times sqrt(N/(N-1))","0.10.0","0.3.5","2016.8.1.1","4.3.1"
"robust_se","C",3,450,13,1,"rse_rel_vs_apollo_after_factor_same_point",2.03831150734607e-07,1e-05,TRUE,"klue's sandwich recomputed at Apollo's estimates, times sqrt(N/(N-1))","0.10.0","0.3.5","2016.8.1.1","4.3.1"
"scaling","A",2,300,11,1,"klue_se_rel_vs_richardson_reference",1.20813109490718e-06,1e-05,TRUE,"s = 1: klue's SEs against numDeriv::hessian of klue's log-likelihood","0.10.0","0.3.5","2016.8.1.1","4.3.1"
"scaling","A",2,300,11,1,"relstep_jacobian_se_rel_vs_richardson_reference",1.16452925814535e-06,1e-05,TRUE,"s = 1","0.10.0","0.3.5","2016.8.1.1","4.3.1"
"scaling","A",2,300,11,0.01,"klue_singular_flag",0,NA,NA,"","0.10.0","0.3.5","2016.8.1.1","4.3.1"
"scaling","A",2,300,11,0.01,"klue_se_rel_err_vs_own_scale1",1.79229311400291e-09,NA,NA,"klue's SEs mapped back to s = 1 against klue's SEs at s = 1","0.10.0","0.3.5","2016.8.1.1","4.3.1"
"scaling","A",2,300,11,0.01,"klue_se_rel_err_vs_richardson_reference",1.2081310929845e-06,1e-05,TRUE,"against numDeriv::hessian at s = 1","0.10.0","0.3.5","2016.8.1.1","4.3.1"
"scaling","A",2,300,11,0.01,"relstep_jacobian_se_rel_err",1.16452930152581e-06,1e-05,TRUE,"numDeriv::jacobian of the analytic gradient (Apollo 0.3.5's default)","0.10.0","0.3.5","2016.8.1.1","4.3.1"
"scaling","A",2,300,11,0.01,"richardson_hessian_se_rel_err",3.823003064899e-08,1e-05,TRUE,"numDeriv::hessian of the negative log-likelihood","0.10.0","0.3.5","2016.8.1.1","4.3.1"
"scaling","A",2,300,11,0.01,"klue_hessian_eigenvalue_ratio",8.0667415274017e-06,NA,NA,"smallest / largest eigenvalue of optimHess; flag at <= 1.49e-08","0.10.0","0.3.5","2016.8.1.1","4.3.1"
"scaling","A",2,300,11,0.1,"klue_singular_flag",0,NA,NA,"","0.10.0","0.3.5","2016.8.1.1","4.3.1"
"scaling","A",2,300,11,0.1,"klue_se_rel_err_vs_own_scale1",1.77410829936507e-09,NA,NA,"klue's SEs mapped back to s = 1 against klue's SEs at s = 1","0.10.0","0.3.5","2016.8.1.1","4.3.1"
"scaling","A",2,300,11,0.1,"klue_se_rel_err_vs_richardson_reference",1.20813109250383e-06,1e-05,TRUE,"against numDeriv::hessian at s = 1","0.10.0","0.3.5","2016.8.1.1","4.3.1"
"scaling","A",2,300,11,0.1,"relstep_jacobian_se_rel_err",1.1645293203921e-06,1e-05,TRUE,"numDeriv::jacobian of the analytic gradient (Apollo 0.3.5's default)","0.10.0","0.3.5","2016.8.1.1","4.3.1"
"scaling","A",2,300,11,0.1,"richardson_hessian_se_rel_err",1.28215876887402e-08,1e-05,TRUE,"numDeriv::hessian of the negative log-likelihood","0.10.0","0.3.5","2016.8.1.1","4.3.1"
"scaling","A",2,300,11,0.1,"klue_hessian_eigenvalue_ratio",0.000806378339688285,NA,NA,"smallest / largest eigenvalue of optimHess; flag at <= 1.49e-08","0.10.0","0.3.5","2016.8.1.1","4.3.1"
"scaling","A",2,300,11,10,"klue_singular_flag",0,NA,NA,"","0.10.0","0.3.5","2016.8.1.1","4.3.1"
"scaling","A",2,300,11,10,"klue_se_rel_err_vs_own_scale1",1.77364728257347e-07,NA,NA,"klue's SEs mapped back to s = 1 against klue's SEs at s = 1","0.10.0","0.3.5","2016.8.1.1","4.3.1"
"scaling","A",2,300,11,10,"klue_se_rel_err_vs_richardson_reference",1.20813124776021e-06,1e-05,TRUE,"against numDeriv::hessian at s = 1","0.10.0","0.3.5","2016.8.1.1","4.3.1"
"scaling","A",2,300,11,10,"relstep_jacobian_se_rel_err",1.16452934046007e-06,1e-05,TRUE,"numDeriv::jacobian of the analytic gradient (Apollo 0.3.5's default)","0.10.0","0.3.5","2016.8.1.1","4.3.1"
"scaling","A",2,300,11,10,"richardson_hessian_se_rel_err",1.39959923282844e-08,1e-05,TRUE,"numDeriv::hessian of the negative log-likelihood","0.10.0","0.3.5","2016.8.1.1","4.3.1"
"scaling","A",2,300,11,10,"klue_hessian_eigenvalue_ratio",0.0180666871726915,NA,NA,"smallest / largest eigenvalue of optimHess; flag at <= 1.49e-08","0.10.0","0.3.5","2016.8.1.1","4.3.1"
"scaling","A",2,300,11,100,"klue_singular_flag",0,NA,NA,"","0.10.0","0.3.5","2016.8.1.1","4.3.1"
"scaling","A",2,300,11,100,"klue_se_rel_err_vs_own_scale1",1.7913978921643e-05,NA,NA,"klue's SEs mapped back to s = 1 against klue's SEs at s = 1","0.10.0","0.3.5","2016.8.1.1","4.3.1"
"scaling","A",2,300,11,100,"klue_se_rel_err_vs_richardson_reference",1.79143748670306e-05,1e-05,FALSE,"against numDeriv::hessian at s = 1","0.10.0","0.3.5","2016.8.1.1","4.3.1"
"scaling","A",2,300,11,100,"relstep_jacobian_se_rel_err",1.16452930741401e-06,1e-05,TRUE,"numDeriv::jacobian of the analytic gradient (Apollo 0.3.5's default)","0.10.0","0.3.5","2016.8.1.1","4.3.1"
"scaling","A",2,300,11,100,"richardson_hessian_se_rel_err",1.52370488852411e-08,1e-05,TRUE,"numDeriv::hessian of the negative log-likelihood","0.10.0","0.3.5","2016.8.1.1","4.3.1"
"scaling","A",2,300,11,100,"klue_hessian_eigenvalue_ratio",0.000181182471578718,NA,NA,"smallest / largest eigenvalue of optimHess; flag at <= 1.49e-08","0.10.0","0.3.5","2016.8.1.1","4.3.1"
"scaling","A",2,300,11,1000,"klue_singular_flag",0,NA,NA,"","0.10.0","0.3.5","2016.8.1.1","4.3.1"
"scaling","A",2,300,11,1000,"klue_se_rel_err_vs_own_scale1",0.00179287728777705,NA,NA,"klue's SEs mapped back to s = 1 against klue's SEs at s = 1","0.10.0","0.3.5","2016.8.1.1","4.3.1"
"scaling","A",2,300,11,1000,"klue_se_rel_err_vs_richardson_reference",0.00179287768442521,1e-05,FALSE,"against numDeriv::hessian at s = 1","0.10.0","0.3.5","2016.8.1.1","4.3.1"
"scaling","A",2,300,11,1000,"relstep_jacobian_se_rel_err",1.16452927220494e-06,1e-05,TRUE,"numDeriv::jacobian of the analytic gradient (Apollo 0.3.5's default)","0.10.0","0.3.5","2016.8.1.1","4.3.1"
"scaling","A",2,300,11,1000,"richardson_hessian_se_rel_err",2.99226411218646e-07,1e-05,TRUE,"numDeriv::hessian of the negative log-likelihood","0.10.0","0.3.5","2016.8.1.1","4.3.1"
"scaling","A",2,300,11,1000,"klue_hessian_eigenvalue_ratio",1.82021405415826e-06,NA,NA,"smallest / largest eigenvalue of optimHess; flag at <= 1.49e-08","0.10.0","0.3.5","2016.8.1.1","4.3.1"
"scaling","A",2,300,11,10000,"klue_singular_flag",0,NA,NA,"","0.10.0","0.3.5","2016.8.1.1","4.3.1"
"scaling","A",2,300,11,10000,"klue_se_rel_err_vs_own_scale1",0.224046577877968,NA,NA,"klue's SEs mapped back to s = 1 against klue's SEs at s = 1","0.10.0","0.3.5","2016.8.1.1","4.3.1"
"scaling","A",2,300,11,10000,"klue_se_rel_err_vs_richardson_reference",0.224046578362615,1e-05,FALSE,"against numDeriv::hessian at s = 1","0.10.0","0.3.5","2016.8.1.1","4.3.1"
"scaling","A",2,300,11,10000,"relstep_jacobian_se_rel_err",1.16452931438373e-06,1e-05,TRUE,"numDeriv::jacobian of the analytic gradient (Apollo 0.3.5's default)","0.10.0","0.3.5","2016.8.1.1","4.3.1"
"scaling","A",2,300,11,10000,"richardson_hessian_se_rel_err",1.4008180051575e-08,1e-05,TRUE,"numDeriv::hessian of the negative log-likelihood","0.10.0","0.3.5","2016.8.1.1","4.3.1"
"scaling","A",2,300,11,10000,"klue_hessian_eigenvalue_ratio",2.81898193016653e-08,NA,NA,"smallest / largest eigenvalue of optimHess; flag at <= 1.49e-08","0.10.0","0.3.5","2016.8.1.1","4.3.1"
"scaling","A",2,300,11,30000,"klue_singular_flag",1,NA,NA,"covariance set to NA; aliased: b1_class1,b3_class1,b4_class1,b1_class2,b4_class2,asc1_class2","0.10.0","0.3.5","2016.8.1.1","4.3.1"
"scaling","A",2,300,11,30000,"klue_se_rel_err_vs_own_scale1",NA,NA,NA,"klue's SEs mapped back to s = 1 against klue's SEs at s = 1","0.10.0","0.3.5","2016.8.1.1","4.3.1"
"scaling","A",2,300,11,30000,"klue_se_rel_err_vs_richardson_reference",NA,1e-05,NA,"against numDeriv::hessian at s = 1","0.10.0","0.3.5","2016.8.1.1","4.3.1"
"scaling","A",2,300,11,30000,"relstep_jacobian_se_rel_err",1.16452943226802e-06,1e-05,TRUE,"numDeriv::jacobian of the analytic gradient (Apollo 0.3.5's default)","0.10.0","0.3.5","2016.8.1.1","4.3.1"
"scaling","A",2,300,11,30000,"richardson_hessian_se_rel_err",7.12908264247162e-09,1e-05,TRUE,"numDeriv::hessian of the negative log-likelihood","0.10.0","0.3.5","2016.8.1.1","4.3.1"
"scaling","A",2,300,11,30000,"klue_hessian_eigenvalue_ratio",-3.56556010546933e-08,NA,NA,"smallest / largest eigenvalue of optimHess; flag at <= 1.49e-08","0.10.0","0.3.5","2016.8.1.1","4.3.1"
"scaling","A",2,300,11,1e+05,"klue_singular_flag",1,NA,NA,"covariance set to NA; aliased: b1_class1,b3_class1,b4_class1,b5_class1,asc1_class1,b1_class2,b3_class2,b4_class2,b5_class2,asc1_class2,asc2_class2","0.10.0","0.3.5","2016.8.1.1","4.3.1"
"scaling","A",2,300,11,1e+05,"klue_se_rel_err_vs_own_scale1",NA,NA,NA,"klue's SEs mapped back to s = 1 against klue's SEs at s = 1","0.10.0","0.3.5","2016.8.1.1","4.3.1"
"scaling","A",2,300,11,1e+05,"klue_se_rel_err_vs_richardson_reference",NA,1e-05,NA,"against numDeriv::hessian at s = 1","0.10.0","0.3.5","2016.8.1.1","4.3.1"
"scaling","A",2,300,11,1e+05,"relstep_jacobian_se_rel_err",1.98601566017115e-05,1e-05,FALSE,"numDeriv::jacobian of the analytic gradient (Apollo 0.3.5's default)","0.10.0","0.3.5","2016.8.1.1","4.3.1"
"scaling","A",2,300,11,1e+05,"richardson_hessian_se_rel_err",1.12113735971559e-05,1e-05,FALSE,"numDeriv::hessian of the negative log-likelihood","0.10.0","0.3.5","2016.8.1.1","4.3.1"
"scaling","A",2,300,11,1e+05,"klue_hessian_eigenvalue_ratio",-0.762193576102672,NA,NA,"smallest / largest eigenvalue of optimHess; flag at <= 1.49e-08","0.10.0","0.3.5","2016.8.1.1","4.3.1"
"scaling","A",2,300,11,NA,"smallest_tested_scale_flagged_singular",30000,NA,NA,"scales tested: 0.01, 0.1, 10, 100, 1000, 10000, 30000, 100000","0.10.0","0.3.5","2016.8.1.1","4.3.1"
