"condition","true_K","kappa","sigma","rep","selected_bic","selected_aic","selected_icl","bic_correct","aic_correct","icl_correct","best_method","ari","rmse","bias","icl_bic"
1,1,0,0.1,1,1,3,1,1,0,1,"kmeans",NA,NA,NA,0
2,1,0,0.15,1,1,1,1,1,1,1,"kmeans",NA,NA,NA,0
3,1,0,0.2,1,1,2,1,1,0,1,"kmeans",NA,NA,NA,0
4,1,0,0.25,1,1,3,1,1,0,1,"kmeans",NA,NA,NA,0
5,1,0,0.1,2,1,1,1,1,1,1,"kmeans",NA,NA,NA,0
6,1,0,0.15,2,1,1,1,1,1,1,"kmeans",NA,NA,NA,0
7,1,0,0.2,2,1,2,1,1,0,1,"kmeans",NA,NA,NA,0
8,1,0,0.25,2,1,3,1,1,0,1,"kmeans",NA,NA,NA,0
9,1,0,0.1,3,1,1,1,1,1,1,"kmeans",NA,NA,NA,0
10,1,0,0.15,3,1,1,1,1,1,1,"kmeans",NA,NA,NA,0
11,1,0,0.2,3,1,2,1,1,0,1,"kmeans",NA,NA,NA,0
12,1,0,0.25,3,1,3,1,1,0,1,"kmeans",NA,NA,NA,0
13,1,0,0.1,4,1,1,1,1,1,1,"kmeans",NA,NA,NA,0
14,1,0,0.15,4,1,2,1,1,0,1,"kmeans",NA,NA,NA,0
15,1,0,0.2,4,1,2,1,1,0,1,"kmeans",NA,NA,NA,0
16,1,0,0.25,4,1,4,1,1,0,1,"kmeans",NA,NA,NA,0
17,1,0,0.1,5,1,2,1,1,0,1,"kmeans",NA,NA,NA,0
18,1,0,0.15,5,1,2,1,1,0,1,"kmeans",NA,NA,NA,0
19,1,0,0.2,5,1,2,1,1,0,1,"kmeans",NA,NA,NA,0
20,1,0,0.25,5,1,6,1,1,0,1,"kmeans",NA,NA,NA,0
21,2,0.5,0.1,1,2,3,2,1,0,1,"kmeans",0.727265785374625,0.0666320710746477,-0.0108068521329249,115.715538626782
22,3,0.5,0.1,1,3,4,1,1,0,0,"kmeans",0.427570788661799,0.0819668313102549,-0.0104930822924104,444.646537620506
23,4,0.5,0.1,1,3,5,1,0,0,0,"hc_average",0.27128495946064,NA,NA,639.894838118998
24,5,0.5,0.1,1,3,6,1,0,0,0,"kmeans",0.207461560520648,NA,NA,748.885024239357
25,2,0.75,0.1,1,2,2,2,1,1,1,"hc_ward",0.908538676085297,0.0480740163545534,0.00931986491956726,32.5594734927759
26,3,0.75,0.1,1,3,6,3,1,0,1,"gmm",0.716265497315646,0.0473402381566267,0.00592413675118863,179.543950493683
27,4,0.75,0.1,1,4,6,3,1,0,0,"hc_ward",0.67200445584522,0.0629247843192614,0.0158822607076614,456.797837492323
28,5,0.75,0.1,1,4,5,3,0,1,0,"pam",0.451203499424027,NA,NA,647.298706569939
29,2,1,0.1,1,2,2,2,1,1,1,"kmeans",0.960267167426621,0.0453742110503217,0.018247483007036,5.44284996637133
30,3,1,0.1,1,3,4,3,1,0,1,"hc_average",0.902566726941299,0.0544753903065734,-0.0215226116326474,69.606165735465
31,4,1,0.1,1,4,5,4,1,0,1,"gmm",0.775217114922191,0.0680185783185281,-0.0212689500078357,225.160086928542
32,5,1,0.1,1,5,6,5,1,0,1,"gmm",0.692713297135886,0.0789307441801292,0.0204489846663538,481.286100562879
33,2,1.25,0.1,1,2,2,2,1,1,1,"gmm",1,0.0828643668000934,0.0163937857745723,0.0148808887350997
34,3,1.25,0.1,1,3,4,3,1,0,1,"hc_average",0.986696296296296,0.0487421384219757,-0.0176244026933231,20.591793398508
35,4,1.25,0.1,1,4,5,4,1,0,1,"gmm",0.925872956975375,0.0597502728370871,-0.00370069497371816,94.8464715170955
36,5,1.25,0.1,1,5,6,5,1,0,1,"gmm",0.839541789641278,0.0733004091920299,0.0136548147533018,284.680918853218
37,2,1.5,0.1,1,2,2,2,1,1,1,"gmm",1,0.0817089921012746,-0.0210953787909973,0.0154065152694593
38,3,1.5,0.1,1,3,5,3,1,0,1,"gmm",0.993325876599186,0.0796115469934804,0.0160936918670818,4.96512837000435
39,4,1.5,0.1,1,4,5,4,1,0,1,"kmeans",0.960321864325923,0.088261937503726,-0.0056936072926671,34.0887584073257
40,5,1.5,0.1,1,5,6,5,1,0,1,"pam",0.909185755862828,0.0630115567014736,-0.00634812090739225,136.068252221396
41,2,0.5,0.15,1,2,5,2,1,0,1,"hc_average",0.649539471162529,0.0518590562326144,0.00737420899457159,114.971192296483
42,3,0.5,0.15,1,3,5,1,1,0,0,"kmeans",0.511115882362787,0.0885422743485956,0.0055235973046866,422.146538007335
43,4,0.5,0.15,1,3,5,1,0,0,0,"kmeans",0.321520868596564,NA,NA,589.331777514638
44,5,0.5,0.15,1,3,6,1,0,0,0,"kmeans",0.217705210994987,NA,NA,692.906565423751
45,2,0.75,0.15,1,2,5,2,1,0,1,"kmeans",0.921336959679666,0.0678927308901609,0.0172977117077365,19.6545269748705
46,3,0.75,0.15,1,3,3,3,1,1,1,"kmeans",0.651614621007728,0.0577585886339397,-0.000130309939525875,213.020829820895
47,4,0.75,0.15,1,4,6,4,1,0,1,"kmeans",0.603018729349936,0.0631494122510705,-0.0045871816876438,470.226514988095
48,5,0.75,0.15,1,5,6,3,1,0,0,"gmm",0.388920836342705,0.174342596701707,0.026461396712104,813.530491249403
49,2,1,0.15,1,2,5,2,1,0,1,"pam",0.947201193139448,0.0619958404206729,0.00765873451712886,5.10109597144763
50,3,1,0.15,1,3,3,3,1,1,1,"hc_ward",0.896005772278656,0.0769641537382234,-0.00127727575106082,67.9533149794033
51,4,1,0.15,1,4,5,4,1,0,1,"kmeans",0.826283641218989,0.0518019560931006,0.00159321366820856,195.013278450097
52,5,1,0.15,1,5,6,5,1,0,1,"gmm",0.635172243268478,0.0920038261297412,-0.0000348380192754294,493.409227129915
53,2,1.25,0.15,1,2,3,2,1,0,1,"hc_average",0.986666519512823,0.0508924896361912,0.0203472401747685,2.23496754116468
54,3,1.25,0.15,1,3,4,3,1,0,1,"hc_ward",0.980112753008633,0.062684867034883,0.0182998645613397,17.553286501064
55,4,1.25,0.15,1,4,4,4,1,1,1,"pam",0.900503910718304,0.063675319521937,0.00410104724444969,90.8432349795725
56,5,1.25,0.15,1,5,6,5,1,0,1,"hc_ward",0.847550540694373,0.064268931313384,-0.00431421391015068,260.518909739634
57,2,1.5,0.15,1,2,3,2,1,0,1,"kmeans",1,0.0551345151721342,0.0161734784507695,0.00623741330005542
58,3,1.5,0.15,1,3,4,3,1,0,1,"hc_ward",0.993325876599186,0.0683654090832734,0.00524477629266742,6.33844796430306
59,4,1.5,0.15,1,4,6,4,1,0,1,"kmeans",0.94320931458844,0.0773042039082036,0.018370851757954,49.8729940636221
60,5,1.5,0.15,1,5,6,5,1,0,1,"hc_ward",0.887001991032586,0.103686641248751,-0.027848389457249,134.191059654173
61,2,0.5,0.2,1,2,3,2,1,0,1,"pam",0.715899384962628,0.0716277214932934,-0.0353351776237427,108.328145343197
62,3,0.5,0.2,1,3,5,1,1,0,0,"pam",0.489582666182981,0.0826445127649875,-0.0128515876006148,391.196787334322
63,4,0.5,0.2,1,3,6,1,0,0,0,"kmeans",0.198169328375498,NA,NA,612.36092522576
64,5,0.5,0.2,1,3,6,1,0,0,0,"hc_average",0.221737702598008,NA,NA,693.430646463338
65,2,0.75,0.2,1,2,4,2,1,0,1,"kmeans",0.9085385669592,0.0562913969781348,0.0105782964554145,30.4285754771969
66,3,0.75,0.2,1,3,6,3,1,0,1,"gmm",0.803485508860052,0.103116916997411,-0.0246213931129703,163.04568420215
67,4,0.75,0.2,1,4,6,4,1,0,1,"gmm",0.591069760682131,0.0696813428296223,0.0371545330617839,446.064543763826
68,5,0.75,0.2,1,4,5,3,0,1,0,"hc_complete",0.453856132854497,NA,NA,608.472351651155
69,2,1,0.2,1,2,4,2,1,0,1,"hc_ward",0.947201224637599,0.0518812714435964,-0.00824036750488744,8.3187850780734
70,3,1,0.2,1,3,3,3,1,1,1,"kmeans",0.91494049076891,0.0979463664779567,-0.0134027961818451,59.2886715338706
71,4,1,0.2,1,4,6,4,1,0,1,"kmeans",0.767969156750801,0.0999676650630995,0.0173881626465426,221.772413532735
72,5,1,0.2,1,5,6,4,1,0,0,"hc_ward",0.637864393644397,0.0919836055243123,-0.00772821718657976,493.856001150475
73,2,1.25,0.2,1,2,4,2,1,0,1,"pam",1,0.0473139978618664,0.0278677767030329,0.545413889681401
74,3,1.25,0.2,1,3,4,3,1,0,1,"kmeans",0.960158545589686,0.0898344532683129,-0.0313316302976858,23.2833649687784
75,4,1.25,0.2,1,4,6,4,1,0,1,"gmm",0.884127178979584,0.123298835785021,0.0025145538705851,88.5817549156809
76,5,1.25,0.2,1,5,6,5,1,0,1,"gmm",0.814065433500261,0.0572439266567275,-0.00269569075522643,275.374703071877
77,2,1.5,0.2,1,2,3,2,1,0,1,"kmeans",1,0.0565568722763111,0.00938618808863993,0.000564113312013997
78,3,1.5,0.2,1,3,6,3,1,0,1,"gmm",0.980066915729343,0.060092367542006,0.00758848901854218,8.06045946760434
79,4,1.5,0.2,1,4,5,4,1,0,1,"pam",0.969046587592343,0.0771662595975057,0.021696441256008,45.74118454689
80,5,1.5,0.2,1,5,5,5,1,1,1,"hc_ward",0.871690929416555,0.0687965668796229,0.00294037204944412,155.136952456265
81,2,0.5,0.25,1,2,4,2,1,0,1,"kmeans",0.596695840897336,0.0629803695829664,0.0196684927542894,117.311770071199
82,3,0.5,0.25,1,3,4,1,1,0,0,"gmm",0.378973130243164,0.108591810180381,0.00205238497406242,426.074680495964
83,4,0.5,0.25,1,4,6,1,1,0,0,"gmm",0.244749127309299,0.14050762264021,0.0244174109891647,758.924629747441
84,5,0.5,0.25,1,3,6,1,0,0,0,"hc_complete",0.218350758616555,NA,NA,766.74555994302
85,2,0.75,0.25,1,2,6,2,1,0,1,"kmeans",0.921336912751678,0.0632921378250014,-0.000234859340705064,27.6074806242568
86,3,0.75,0.25,1,3,6,3,1,0,1,"pam",0.697862515137789,0.0845216858241117,-0.0211311050860418,206.991977520186
87,4,0.75,0.25,1,4,6,3,1,0,0,"hc_average",0.553401250454554,0.100837377425155,0.0131517831135955,446.344849714371
88,5,0.75,0.25,1,5,6,4,1,0,0,"gmm",0.43316623666957,0.128880726857815,-0.00998550229795973,795.646323844883
89,2,1,0.25,1,2,6,2,1,0,1,"kmeans",0.986666519512823,0.0632666595322301,0.0103888320039991,7.84791790334899
90,3,1,0.25,1,3,5,3,1,0,1,"gmm",0.90976643699191,0.0675514692795836,-0.0276953317322577,67.6384171044164
91,4,1,0.25,1,4,6,4,1,0,1,"pam",0.807514779836436,0.0881174617767422,0.0254512101341871,196.455074481487
92,5,1,0.25,1,5,6,4,1,0,0,"gmm",0.622651172279982,0.0931239382355646,0.0075902689214115,490.96055958371
93,2,1.25,0.25,1,2,4,2,1,0,1,"gmm",1,0.103368582399375,0.000960455716262398,1.65956985475977
94,3,1.25,0.25,1,3,6,3,1,0,1,"hc_average",1,0.0676709910419115,0.0255637968724021,21.8631655312233
95,4,1.25,0.25,1,4,6,4,1,0,1,"kmeans",0.904893717869978,0.0625066081860089,0.0279702596014903,112.514705498583
96,5,1.25,0.25,1,5,6,5,1,0,1,"pam",0.763342390970049,0.0895998385086133,0.00357559489277078,276.149963037828
97,2,1.5,0.25,1,2,3,2,1,0,1,"pam",1,0.0659939113901862,0.00747446327303279,0.00213422857299147
98,3,1.5,0.25,1,3,5,3,1,0,1,"hc_complete",0.986674074681319,0.103277993155605,-0.0118052710808192,7.68034810462224
99,4,1.5,0.25,1,4,6,4,1,0,1,"kmeans",0.982266873916752,0.0542652535711956,0.0142686458384994,36.77195186862
100,5,1.5,0.25,1,5,6,5,1,0,1,"gmm",0.912378879849058,0.076709848128057,-0.00260668585915404,161.626735173987
101,2,0.5,0.1,2,2,3,2,1,0,1,"gmm",0.704612785413189,0.0557995273875358,-0.00349542666255969,99.491088173346
102,3,0.5,0.1,2,3,4,1,1,0,0,"kmeans",0.43368373983056,0.124700640472374,-0.00464194532887293,406.691378314051
103,4,0.5,0.1,2,3,6,1,0,0,0,"kmeans",0.270731953667054,NA,NA,617.368916586303
104,5,0.5,0.1,2,3,4,1,0,0,0,"gmm",0.198932790957899,NA,NA,767.012660118382
105,2,0.75,0.1,2,2,3,2,1,0,1,"hc_complete",0.947201224637599,0.0827428032063645,0.0226034766043828,18.5833520704262
106,3,0.75,0.1,2,3,4,3,1,0,1,"gmm",0.762252075486703,0.0550409018673287,-0.0147936137970677,184.702808510442
107,4,0.75,0.1,2,4,5,4,1,0,1,"gmm",0.660580126275108,0.0801480279250126,0.0108903311634318,424.278232305044
108,5,0.75,0.1,2,5,6,3,1,0,0,"gmm",0.420371371038977,0.134141229143196,0.0112154683864363,858.887033009767
109,2,1,0.1,2,2,5,2,1,0,1,"hc_complete",1,0.0455422482585246,-0.00293470669304822,3.43926922344737
110,3,1,0.1,2,3,3,3,1,1,1,"gmm",0.915070582669357,0.0739847662470406,-0.0132749379728474,60.2605778063749
111,4,1,0.1,2,4,4,4,1,1,1,"kmeans",0.827763187221945,0.0654008060367973,-0.0211650092645864,213.238949901101
112,5,1,0.1,2,5,6,4,1,0,0,"kmeans",0.71729069650951,0.103195796491711,0.00436210624921158,472.868995293955
113,2,1.25,0.1,2,2,2,2,1,1,1,"kmeans",1,0.0565689553532501,0.0219447179820935,0.0627933489491127
114,3,1.25,0.1,2,3,4,3,1,0,1,"gmm",0.960336511275545,0.0858839114873127,-0.0212100578491234,16.7086148116294
115,4,1.25,0.1,2,4,4,4,1,1,1,"pam",0.938489942996779,0.0819748286306029,-0.0113588135256097,71.3126829666706
116,5,1.25,0.1,2,5,6,5,1,0,1,"gmm",0.818003696503245,0.123610343068392,0.00559131631109702,250.502974840594
117,2,1.5,0.1,2,2,2,2,1,1,1,"kmeans",1,0.0811910659063008,-0.0106436632025502,0.000309567535651741
118,3,1.5,0.1,2,3,3,3,1,1,1,"gmm",1,0.0606012284142825,-0.00357361302596707,7.61945036261646
119,4,1.5,0.1,2,4,5,4,1,0,1,"kmeans",0.964772239798947,0.0746108613253578,0.0215210660121376,43.0722311333297
120,5,1.5,0.1,2,5,5,5,1,1,1,"hc_ward",0.911992336416048,0.0823558300264341,0.00633636808898533,132.326007380279
121,2,0.5,0.15,2,2,2,2,1,1,1,"kmeans",0.797367224776197,0.0467584490852104,0.01330977743096,92.6648380412624
122,3,0.5,0.15,2,3,3,1,1,1,0,"gmm",0.522104246543994,0.0878422158070302,0.0120006432645481,403.246943033277
123,4,0.5,0.15,2,3,4,1,0,1,0,"kmeans",0.319708465278459,NA,NA,601.331708747304
124,5,0.5,0.15,2,3,6,1,0,0,0,"kmeans",0.221922683490315,NA,NA,783.817891379481
125,2,0.75,0.15,2,2,3,2,1,0,1,"pam",0.947201224637599,0.0376989368765245,0.00904581851435459,27.8364506333295
126,3,0.75,0.15,2,3,6,3,1,0,1,"kmeans",0.723216223045198,0.0817806189645254,0.0156352523201636,163.14078961128
127,4,0.75,0.15,2,4,6,3,1,0,0,"gmm",0.558794029188709,0.0581499160810375,-0.00847310664440759,510.948585325829
128,5,0.75,0.15,2,4,5,3,0,1,0,"pam",0.424923765379287,NA,NA,630.979279932782
129,2,1,0.15,2,2,3,2,1,0,1,"gmm",0.97342223807771,0.0654758642210087,-0.0157050439473384,6.23242412073153
130,3,1,0.15,2,3,3,3,1,1,1,"gmm",0.915200686288659,0.0558134419859129,0.021771636064422,76.9627678929311
131,4,1,0.15,2,4,5,4,1,0,1,"gmm",0.738236665002423,0.06281063847952,0.0052800840009901,244.5667460182
132,5,1,0.15,2,5,6,5,1,0,1,"gmm",0.715866698207887,0.0975355764603145,-0.000607698616001557,451.309227294221
133,2,1.25,0.15,2,2,2,2,1,1,1,"kmeans",1,0.0611030760354458,-0.0277393310807905,0.083471481625176
134,3,1.25,0.15,2,3,4,3,1,0,1,"gmm",0.98000040167822,0.0357599916265921,0.00479188087604705,23.277221649551
135,4,1.25,0.15,2,4,4,4,1,1,1,"pam",0.912956738764542,0.0935459731419234,-0.0117223711449132,107.94128989255
136,5,1.25,0.15,2,5,6,5,1,0,1,"gmm",0.809540461094112,0.0585784309839748,-0.000121103131429751,250.231525153786
137,2,1.5,0.15,2,2,4,2,1,0,1,"kmeans",1,0.10498079992799,0.0632375601552646,0.00770430326453073
138,3,1.5,0.15,2,3,5,3,1,0,1,"pam",1,0.0874478915553588,-0.0204363417905071,5.65616019015607
139,4,1.5,0.15,2,4,6,4,1,0,1,"hc_ward",0.960354014457488,0.0890553880889956,0.0010457707737722,40.7234828314414
140,5,1.5,0.15,2,5,6,5,1,0,1,"kmeans",0.893556899578908,0.0678387865580694,0.00461437654043516,147.267510954923
141,2,0.5,0.2,2,2,3,2,1,0,1,"pam",0.693419501748618,0.0920149429488928,0.00312275648815763,112.207287299995
142,3,0.5,0.2,2,3,4,2,1,0,0,"hc_complete",0.462841596699736,0.107084731188365,0.00690776750655423,364.540918789185
143,4,0.5,0.2,2,3,6,1,0,0,0,"pam",0.256038757172085,NA,NA,503.663916915212
144,5,0.5,0.2,2,3,6,1,0,0,0,"kmeans",0.205467725484748,NA,NA,695.731799636746
145,2,0.75,0.2,2,2,5,2,1,0,1,"kmeans",0.921336912751678,0.0584524832753846,0.00395829315138242,37.1245840064338
146,3,0.75,0.2,2,3,5,3,1,0,1,"pam",0.739882704781294,0.0598776792970182,-0.000365489719465082,159.812713363855
147,4,0.75,0.2,2,4,6,3,1,0,0,"hc_ward",0.546799575731368,0.0960265484409979,0.0189758945298469,504.658322889052
148,5,0.75,0.2,2,5,6,3,1,0,0,"hc_ward",0.39952445898881,0.129775438093381,0.00577553306912152,832.854836992052
149,2,1,0.2,2,2,3,2,1,0,1,"pam",0.960267120019818,0.0687016892856719,0.0414776036262423,5.48350892998091
150,3,1,0.2,2,3,3,3,1,1,1,"gmm",0.921538280780794,0.0652484997626801,-0.00863135722744458,70.0562395579916
151,4,1,0.2,2,4,5,4,1,0,1,"gmm",0.794705962758024,0.0725144800537862,0.0158263898092705,192.065756263784
152,5,1,0.2,2,5,6,5,1,0,1,"kmeans",0.629733245818764,0.108301278743614,-0.0243309098434524,451.657755139038
153,2,1.25,0.2,2,2,5,2,1,0,1,"kmeans",1,0.0689098489377888,0.0313160662463795,0.17812070371876
154,3,1.25,0.2,2,3,4,3,1,0,1,"gmm",0.986696695759173,0.0897611902722815,0.0453220098086414,16.468697267517
155,4,1.25,0.2,2,4,6,4,1,0,1,"kmeans",0.90051879559541,0.0650355291636606,0.015935614677973,119.999316818442
156,5,1.25,0.2,2,5,5,5,1,1,1,"pam",0.761751784255054,0.0651985652161561,-0.0065072753008349,282.12898087484
157,2,1.5,0.2,2,2,6,2,1,0,1,"kmeans",1,0.0567857482900472,-0.00457216729341246,0.00430846454472212
158,3,1.5,0.2,2,3,4,3,1,0,1,"gmm",0.993325876599186,0.10157964149399,0.0125612687056172,6.61070331021605
159,4,1.5,0.2,2,4,5,4,1,0,1,"hc_average",0.97345242333633,0.0583685117752696,-0.0196486245195646,51.3678611709374
160,5,1.5,0.2,2,5,6,5,1,0,1,"kmeans",0.884512901302853,0.0952131941286967,0.0341764685270498,150.713917847666
161,2,0.5,0.25,2,2,6,2,1,0,1,"hc_ward",0.693419501748618,0.0722813550921916,-0.0147196374802564,78.2758973060844
162,3,0.5,0.25,2,3,5,1,1,0,0,"kmeans",0.417475863678459,0.0845543517620466,0.00975391085891982,406.339270777998
163,4,0.5,0.25,2,3,6,1,0,0,0,"hc_complete",0.223559688921347,NA,NA,556.735856640272
164,5,0.5,0.25,2,3,6,1,0,0,0,"gmm",0.186058165242319,NA,NA,753.091602880525
165,2,0.75,0.25,2,2,2,2,1,1,1,"gmm",0.870678598061148,0.0787980395395918,0.0357915657002871,32.1985570180026
166,3,0.75,0.25,2,3,6,3,1,0,1,"kmeans",0.712731668830543,0.0914199654892188,0.0286702142467607,228.526260542018
167,4,0.75,0.25,2,4,6,4,1,0,1,"gmm",0.570181988698286,0.0900441370990732,-0.0101893895324846,443.202097456095
168,5,0.75,0.25,2,4,6,3,0,0,0,"kmeans",0.472119992978588,NA,NA,582.81777241023
169,2,1,0.25,2,2,4,2,1,0,1,"kmeans",0.960267167426621,0.0431091202485323,-0.021978492702456,7.43271746865978
170,3,1,0.25,2,3,5,3,1,0,1,"kmeans",0.87748473767047,0.040679418762492,0.0049249511413054,78.6225840651661
171,4,1,0.25,2,4,6,4,1,0,1,"gmm",0.757087493985904,0.10372794054214,-0.0483997196934029,204.075512770099
172,5,1,0.25,2,5,6,4,1,0,0,"pam",0.6541804735607,0.0745098745461254,0.0016543506819953,503.931962683504
173,2,1.25,0.25,2,2,2,2,1,1,1,"kmeans",1,0.0703211191249894,-0.0217721725317877,0.299585810238176
174,3,1.25,0.25,2,3,5,3,1,0,1,"gmm",0.947411770484247,0.113025844061408,-0.00021185794694912,37.1560208816634
175,4,1.25,0.25,2,4,6,4,1,0,1,"hc_ward",0.867512158969201,0.0596848781235501,0.0160846287208253,113.042166090112
176,5,1.25,0.25,2,5,6,5,1,0,1,"kmeans",0.777454778123853,0.0801453136011919,-0.000749744832593278,286.38968603843
177,2,1.5,0.25,2,2,5,2,1,0,1,"kmeans",1,0.07014108962376,0.00982411978560108,0.00139029408095348
178,3,1.5,0.25,2,3,6,3,1,0,1,"hc_ward",0.986674074681319,0.0845010405399536,-0.0353812430365011,9.43591962928095
179,4,1.5,0.25,2,4,6,4,1,0,1,"gmm",0.930104821291497,0.0493363496311478,0.0265944152419375,43.7146097639225
180,5,1.5,0.25,2,5,6,5,1,0,1,"kmeans",0.853776534268363,0.0772596784908834,0.0154100194639959,168.94318824378
181,2,0.5,0.1,3,2,2,2,1,1,1,"pam",0.727265785374625,0.100730026772438,-0.00662974581254309,89.350468336664
182,3,0.5,0.1,3,3,3,1,1,1,0,"gmm",0.454545269526453,0.0867500187647399,0.0303844267813943,413.376516458344
183,4,0.5,0.1,3,3,5,1,0,0,0,"hc_average",0.297958696310852,NA,NA,587.158264819809
184,5,0.5,0.1,3,3,5,1,0,1,0,"kmeans",0.220835549518983,NA,NA,733.255526230269
185,2,0.75,0.1,3,2,3,2,1,0,1,"gmm",0.947201224637599,0.069343538713485,-0.0365248001204584,12.1026955752035
186,3,0.75,0.1,3,3,3,3,1,1,1,"gmm",0.791685252522702,0.0734257685855055,0.0166530245673236,169.296928406333
187,4,0.75,0.1,3,4,4,4,1,1,1,"gmm",0.585054356663424,0.134052861324316,0.00322727902922318,448.448550866426
188,5,0.75,0.1,3,5,6,3,1,0,0,"kmeans",0.464373723294633,0.113754768675504,-0.00697162274407575,852.21563743737
189,2,1,0.1,3,2,2,2,1,1,1,"hc_average",1,0.079923523362421,0.0069082186521636,4.53075022429843
190,3,1,0.1,3,3,5,3,1,0,1,"kmeans",0.934355475329981,0.0522964652016521,0.00306441700133187,53.5954019668614
191,4,1,0.1,3,4,5,4,1,0,1,"kmeans",0.782339277926202,0.0812112773357778,-0.0223532301533474,220.108446702691
192,5,1,0.1,3,5,6,4,1,0,0,"gmm",0.710508831352595,0.10876872336281,0.00721793300204144,480.549115470672
193,2,1.25,0.1,3,2,2,2,1,1,1,"kmeans",1,0.111786498508026,0.0552575494882917,0.0078992491597776
194,3,1.25,0.1,3,3,6,3,1,0,1,"kmeans",0.986696296296296,0.0616778029638932,-0.00802469849402802,14.8807317656325
195,4,1.25,0.1,3,4,6,4,1,0,1,"hc_ward",0.876528138158903,0.096788904292876,-0.0200412108452893,107.409660769618
196,5,1.25,0.1,3,5,6,5,1,0,1,"kmeans",0.811456405018924,0.0822776649479607,0.00131854700064388,255.925183602308
197,2,1.5,0.1,3,2,2,2,1,1,1,"kmeans",1,0.0585907955256373,-0.016048364668239,0.00184092472389275
198,3,1.5,0.1,3,3,3,3,1,1,1,"pam",0.993325876599186,0.0610418718991786,-0.00933514441887348,6.02359882796461
199,4,1.5,0.1,3,4,6,4,1,0,1,"gmm",0.969018664696219,0.0486922442783418,0.00169588295631045,33.5757028847047
200,5,1.5,0.1,3,5,6,5,1,0,1,"gmm",0.909385177774863,0.0760540586618057,-0.021989879617334,157.61382542175
201,2,0.5,0.15,3,2,2,2,1,1,1,"gmm",0.833621352181752,0.0448921093040755,0.0057120336498949,84.5893815433832
202,3,0.5,0.15,3,3,4,1,1,0,0,"gmm",0.448594244962886,0.0632748504071538,0.0213615434746299,430.689522305243
203,4,0.5,0.15,3,3,6,1,0,0,0,"kmeans",0.308073935026153,NA,NA,544.338811954646
204,5,0.5,0.15,3,3,6,1,0,0,0,"pam",0.202734552223252,NA,NA,776.546295480686
205,2,0.75,0.15,3,2,5,2,1,0,1,"hc_ward",0.9085385669592,0.0518923895586399,0.00688084952798171,20.3108781139296
206,3,0.75,0.15,3,3,4,3,1,0,1,"hc_ward",0.781062561240169,0.0879107562060977,0.00183474712312273,164.642416943854
207,4,0.75,0.15,3,4,5,3,1,0,0,"gmm",0.562821566158809,0.0985092597419057,0.0183419473485566,433.525284246179
208,5,0.75,0.15,3,5,5,3,1,1,0,"gmm",0.4520970057107,0.065700711245494,0.000615642296117717,810.664815328435
209,2,1,0.15,3,2,2,2,1,1,1,"kmeans",1,0.0868865012680568,0.0200716561210638,3.34256718639392
210,3,1,0.15,3,3,3,3,1,1,1,"kmeans",0.914962171938576,0.062173548702904,-0.00265768580129884,52.400672793595
211,4,1,0.15,3,4,6,4,1,0,1,"hc_ward",0.787107819135597,0.0754819135857762,0.00759726807063702,243.841462167398
212,5,1,0.15,3,5,6,4,1,0,0,"gmm",0.683059565457271,0.0813992708252897,0.00396576822340539,509.748687066548
213,2,1.25,0.15,3,2,3,2,1,0,1,"gmm",1,0.0973452140558316,0.019882099478548,0.0454454685741623
214,3,1.25,0.15,3,3,4,3,1,0,1,"gmm",0.947165843095853,0.0766986603332511,0.0103607006610835,25.1823748068312
215,4,1.25,0.15,3,4,5,4,1,0,1,"kmeans",0.917453794685434,0.0636946906665826,0.00595527198641521,80.2032317064714
216,5,1.25,0.15,3,5,6,5,1,0,1,"kmeans",0.85331178005061,0.0822504071114091,-0.00385419099437097,246.173921367135
217,2,1.5,0.15,3,2,4,2,1,0,1,"kmeans",1,0.0534459980590669,-0.0194991849592924,0.0125993849751704
218,3,1.5,0.15,3,3,4,3,1,0,1,"hc_average",0.993325876599186,0.0733794613844148,0.0129210789348937,6.70774032992156
219,4,1.5,0.15,3,4,5,4,1,0,1,"kmeans",0.947265740246628,0.061873318386763,-0.00749313039319114,39.9864926649907
220,5,1.5,0.15,3,5,6,5,1,0,1,"pam",0.908906391921573,0.0755016669492237,0.0185201635589593,151.84013677119
221,2,0.5,0.2,3,2,4,2,1,0,1,"hc_average",0.785461053463634,0.0492877516269669,0.0053621741582041,116.034505766673
222,3,0.5,0.2,3,3,5,1,1,0,0,"kmeans",0.438439793233779,0.074799709155082,0.00063827746180307,380.19513121057
223,4,0.5,0.2,3,3,6,1,0,0,0,"hc_average",0.294769291330716,NA,NA,583.16099706801
224,5,0.5,0.2,3,3,6,1,0,0,0,"kmeans",0.212178821205961,NA,NA,732.401139943177
225,2,0.75,0.2,3,2,4,2,1,0,1,"gmm",0.9085385669592,0.0856203251144282,-0.00739769905752399,30.5355430365092
226,3,0.75,0.2,3,3,5,3,1,0,1,"gmm",0.775540673912464,0.0711695413761742,0.0129836720310794,160.976941062612
227,4,0.75,0.2,3,4,6,3,1,0,0,"hc_average",0.524692811869698,0.0650783096416581,-0.0141241886133215,479.065563798194
228,5,0.75,0.2,3,5,6,3,1,0,0,"kmeans",0.466984344678655,0.0750036403391646,-0.00653020957670278,844.604815774005
229,2,1,0.2,3,2,3,2,1,0,1,"kmeans",1,0.0828744817942594,0.034501075793784,4.66232478109083
230,3,1,0.2,3,3,4,3,1,0,1,"kmeans",0.960290081839306,0.0884055537595823,-0.00592829510298484,52.7232762346927
231,4,1,0.2,3,4,6,4,1,0,1,"gmm",0.779931229184705,0.0757023206701155,-0.00292217335771798,226.872731241582
232,5,1,0.2,3,5,6,5,1,0,1,"kmeans",0.653044221672949,0.0790756149303771,0.017284053096323,475.662938337353
233,2,1.25,0.2,3,2,4,2,1,0,1,"hc_ward",0.986666519512823,0.0871403367098466,-0.0289203505449971,1.06181305593365
234,3,1.25,0.2,3,3,6,3,1,0,1,"gmm",0.953749540144171,0.090467368268073,-0.0280880165134362,19.0877855333705
235,4,1.25,0.2,3,4,4,4,1,1,1,"pam",0.93024687968741,0.0712655647862696,0.00823382825328698,72.3536998867026
236,5,1.25,0.2,3,5,6,5,1,0,1,"gmm",0.856716807330623,0.0855156899614401,-0.012527054112907,272.655004928334
237,2,1.5,0.2,3,2,4,2,1,0,1,"kmeans",1,0.079309202070455,0.0137684710368043,0.0294755703539465
238,3,1.5,0.2,3,3,4,3,1,0,1,"hc_ward",1,0.0737121856199734,0.0190937211703161,7.66056303925971
239,4,1.5,0.2,3,4,6,4,1,0,1,"hc_ward",0.930559020890089,0.064695447956176,0.0223391483161929,58.4721028681506
240,5,1.5,0.2,3,5,5,5,1,1,1,"gmm",0.893893933444261,0.0550669970438106,0.000344184016546878,141.029360712125
241,2,0.5,0.25,3,2,5,2,1,0,1,"gmm",0.617567452285118,0.0691101611691805,-0.0192517080745632,102.64908514283
242,3,0.5,0.25,3,3,5,1,1,0,0,"pam",0.364366638804384,0.0887376162764677,0.0202492489000148,380.283407565173
243,4,0.5,0.25,3,3,6,1,0,0,0,"hc_average",0.286826745373203,NA,NA,519.436694849099
244,5,0.5,0.25,3,3,6,1,0,0,0,"hc_average",0.188995625838265,NA,NA,677.581378687825
245,2,0.75,0.25,3,2,5,2,1,0,1,"hc_ward",0.908538676085297,0.0349532957092244,0.00924133545806777,28.318808425096
246,3,0.75,0.25,3,3,3,3,1,1,1,"kmeans",0.745529047314299,0.0555867958135233,0.00863373365138734,185.976360587965
247,4,0.75,0.25,3,4,6,3,1,0,0,"gmm",0.554321813452248,0.0694258346885784,0.0197890158793194,465.044531292258
248,5,0.75,0.25,3,5,6,3,1,0,0,"hc_average",0.380346815266587,0.157315884111163,0.000171413763023847,851.611244609951
249,2,1,0.25,3,2,5,2,1,0,1,"hc_complete",0.986666519512823,0.078656076812097,-0.0116219272564207,6.1816427073899
250,3,1,0.25,3,3,5,3,1,0,1,"gmm",0.895636497251933,0.0952866823349329,-0.0323714032866085,65.410155899157
251,4,1,0.25,3,4,6,4,1,0,1,"gmm",0.779163874684014,0.0895685324796028,-0.0110978113661046,252.540907229099
252,5,1,0.25,3,5,6,5,1,0,1,"gmm",0.640334130432979,0.101748348709976,0.0150460999498478,469.034202599098
253,2,1.25,0.25,3,2,5,2,1,0,1,"hc_average",1,0.0746149618775389,0.0220837890846286,0.300339602973332
254,3,1.25,0.25,3,3,6,3,1,0,1,"kmeans",0.953750928880883,0.0838960272987104,0.00673708210206512,30.7472103860236
255,4,1.25,0.25,3,4,6,4,1,0,1,"gmm",0.925882854512632,0.0859392821287464,-0.00272723017439549,91.5109890572888
256,5,1.25,0.25,3,5,6,5,1,0,1,"kmeans",0.786398857985397,0.052611267409991,0.00843825237211278,293.768272088189
257,2,1.5,0.25,3,2,3,2,1,0,1,"kmeans",1,0.072333123599202,0.0196024950402571,0.0518482057358703
258,3,1.5,0.25,3,3,5,3,1,0,1,"kmeans",0.993325876599186,0.0688777270666129,0.02898913532069,6.94836717709333
259,4,1.5,0.25,3,4,6,4,1,0,1,"hc_ward",0.96904612442413,0.0899493606085331,0.00138043260108525,40.9675081688232
260,5,1.5,0.25,3,5,6,5,1,0,1,"hc_ward",0.893789311220744,0.0995380718442324,0.00991826634307683,145.728669239115
261,2,0.5,0.1,4,2,2,2,1,1,1,"kmeans",0.649540307455975,0.0486431427460819,-0.0089334128296545,114.348104339423
262,3,0.5,0.1,4,3,3,1,1,1,0,"hc_average",0.459602476131617,0.0714333699447614,-0.00658978302374286,412.968417305342
263,4,0.5,0.1,4,3,4,1,0,1,0,"pam",0.326814590533966,NA,NA,593.201399022018
264,5,0.5,0.1,4,3,6,1,0,0,0,"gmm",0.209414030426065,NA,NA,806.088004219181
265,2,0.75,0.1,4,2,3,2,1,0,1,"gmm",0.934224547647885,0.0494620918572258,-0.012648247840567,24.1161828385586
266,3,0.75,0.1,4,3,4,3,1,0,1,"hc_ward",0.828422488562247,0.0563791229842142,0.00643275319833243,149.577916821991
267,4,0.75,0.1,4,4,5,3,1,0,0,"gmm",0.544762569197117,0.0725612094640204,0.00951117043965879,480.755933657188
268,5,0.75,0.1,4,5,6,3,1,0,0,"gmm",0.515819587139951,0.134038818944417,-0.0285067742300097,769.659294739989
269,2,1,0.1,4,2,2,2,1,1,1,"hc_complete",1,0.082728242558563,-0.0141542126716788,1.19431472944843
270,3,1,0.1,4,3,4,3,1,0,1,"gmm",0.934599527809356,0.070878614722221,0.00194745390269101,41.1959453965326
271,4,1,0.1,4,4,5,4,1,0,1,"gmm",0.810181036019056,0.102413961226423,0.0274612523118238,227.950371942638
272,5,1,0.1,4,5,5,5,1,1,1,"gmm",0.654774655511459,0.0777328536365042,-0.0162526830394001,479.190668318587
273,2,1.25,0.1,4,2,3,2,1,0,1,"kmeans",0.986666519512823,0.0616204107465511,0.0297608951397809,0.357071059180213
274,3,1.25,0.1,4,3,4,3,1,0,1,"kmeans",0.973415512939231,0.0698272743349667,0.014097801127124,17.3345396721966
275,4,1.25,0.1,4,4,6,4,1,0,1,"kmeans",0.900606622908318,0.0877467456935149,-0.00294714287017884,97.2982724213211
276,5,1.25,0.1,4,5,6,5,1,0,1,"hc_ward",0.817629771256061,0.066175673769994,0.00152807089570197,266.787160278083
277,2,1.5,0.1,4,2,3,2,1,0,1,"kmeans",1,0.0587801534202226,0.00264485911578099,0.000727224765598826
278,3,1.5,0.1,4,3,6,3,1,0,1,"gmm",0.986674074681319,0.0891812286059017,0.000794970774184528,4.84728614280972
279,4,1.5,0.1,4,4,5,4,1,0,1,"kmeans",0.969135457398375,0.0762458047990638,-0.0281588716009996,47.2211129420909
280,5,1.5,0.1,4,5,6,5,1,0,1,"kmeans",0.909005829717052,0.0558813922945455,-0.0000512593042590559,153.24503273072
281,2,0.5,0.15,4,2,3,2,1,0,1,"gmm",0.693419135955386,0.0645187160074118,-0.0135174244554407,108.702929457524
282,3,0.5,0.15,4,3,4,1,1,0,0,"kmeans",0.516738229083806,0.0761117672391352,0.024043577155346,400.667392473727
283,4,0.5,0.15,4,3,5,1,0,0,0,"gmm",0.353124117175237,NA,NA,559.843014131858
284,5,0.5,0.15,4,3,6,1,0,0,0,"gmm",0.196940463935093,NA,NA,760.614617216863
285,2,0.75,0.15,4,2,4,2,1,0,1,"hc_ward",0.973422222222222,0.0679882036328774,0.0161560471758361,32.9712876982002
286,3,0.75,0.15,4,3,3,3,1,1,1,"gmm",0.786405729691018,0.0633424894527042,-0.0092932055962416,183.756688631389
287,4,0.75,0.15,4,4,5,3,1,0,0,"gmm",0.651268147107991,0.0675624257112258,-0.00646552256456043,429.115945217111
288,5,0.75,0.15,4,4,5,3,0,1,0,"pam",0.460342671933523,NA,NA,603.366445489284
289,2,1,0.15,4,2,5,2,1,0,1,"kmeans",1,0.0858935672052519,0.0583747177831262,7.05458910022164
290,3,1,0.15,4,3,5,3,1,0,1,"gmm",0.927755121578732,0.102163235442147,0.00045543528315507,68.5265452664513
291,4,1,0.15,4,4,5,4,1,0,1,"pam",0.794137294051729,0.103876032591421,-0.0120740139412286,227.015680078293
292,5,1,0.15,4,5,6,5,1,0,1,"gmm",0.696658123560554,0.124280324922798,0.00903098579760179,479.873779706799
293,2,1.25,0.15,4,2,2,2,1,1,1,"pam",1,0.062536971758428,-0.00515157371951045,0.0137116962039907
294,3,1.25,0.15,4,3,5,3,1,0,1,"hc_ward",0.960202588409846,0.0566190901529768,-0.00522489333921015,27.2885274397368
295,4,1.25,0.15,4,4,6,4,1,0,1,"kmeans",0.908939240297158,0.06080793798009,0.0145058238538039,86.8078843191923
296,5,1.25,0.15,4,5,5,5,1,1,1,"hc_ward",0.802537087914319,0.0989309863297358,0.00719966866227672,272.044660568347
297,2,1.5,0.15,4,2,2,2,1,1,1,"gmm",1,0.0811251128064654,0.0391056826540828,0.000219484880256691
298,3,1.5,0.15,4,3,3,3,1,1,1,"kmeans",1,0.0640044704633056,-0.00263884300985983,6.48323461535556
299,4,1.5,0.15,4,4,4,4,1,1,1,"hc_ward",0.960234317750799,0.0552894783875308,0.00706035645506947,42.8546320605471
300,5,1.5,0.15,4,5,5,5,1,1,1,"pam",0.902744626521323,0.101027602607866,-0.00550428000539697,142.37890741677
301,2,0.5,0.2,4,2,3,2,1,0,1,"hc_average",0.628135465565005,0.0482741403812477,0.00223073049540609,98.1693611489514
302,3,0.5,0.2,4,3,6,1,1,0,0,"hc_average",0.442012018998702,0.0919994644925717,0.0350809867787979,435.867200753386
303,4,0.5,0.2,4,3,6,1,0,0,0,"kmeans",0.278879205036961,NA,NA,528.161882539723
304,5,0.5,0.2,4,4,5,1,0,1,0,"hc_average",0.237178197788624,NA,NA,1003.95137795376
305,2,0.75,0.2,4,2,5,2,1,0,1,"kmeans",0.883209413391586,0.0678406265556516,0.0051734335408793,32.6087830755139
306,3,0.75,0.2,4,3,5,3,1,0,1,"hc_complete",0.716679858308401,0.0675276852967466,0.0170510030038381,183.10951938992
307,4,0.75,0.2,4,4,6,3,1,0,0,"hc_complete",0.562877842970408,0.0700203466094346,-0.00682811899496878,465.004559393919
308,5,0.75,0.2,4,4,6,3,0,0,0,"hc_average",0.404004159860772,NA,NA,637.012475546814
309,2,1,0.2,4,2,2,2,1,1,1,"kmeans",0.960267167426621,0.0623026263925794,-0.0066506605344395,9.88741269588516
310,3,1,0.2,4,3,5,3,1,0,1,"hc_ward",0.89616775879038,0.0524394928184263,0.0103400162041837,68.5791856943994
311,4,1,0.2,4,4,6,4,1,0,1,"hc_ward",0.80671515523463,0.0961125403084027,-0.0240605336512108,232.454980207313
312,5,1,0.2,4,5,5,4,1,1,0,"gmm",0.703610278772859,0.0686149215311785,0.0236829644222179,534.148902387807
313,2,1.25,0.2,4,2,2,2,1,1,1,"hc_complete",1,0.0472103452509166,0.00639509264409405,2.58958568201202
314,3,1.25,0.2,4,3,6,3,1,0,1,"pam",0.966831023319011,0.0590260304979595,0.0212923798987628,22.5524000140796
315,4,1.25,0.2,4,4,6,4,1,0,1,"pam",0.913286810904292,0.0440764915621713,-0.0049668982635175,94.9427411634489
316,5,1.25,0.2,4,5,6,5,1,0,1,"pam",0.77690143437796,0.0987579180264343,-0.00055976395286726,289.936816013222
317,2,1.5,0.2,4,2,5,2,1,0,1,"kmeans",1,0.0649530703091291,0.0400403095160597,0.0230233609823562
318,3,1.5,0.2,4,3,4,3,1,0,1,"kmeans",0.993325876599186,0.0619473269598703,-0.0277150289218467,9.21846771885145
319,4,1.5,0.2,4,4,6,4,1,0,1,"gmm",0.947420916825874,0.0750903449994543,-0.00425983395121932,49.5032809415349
320,5,1.5,0.2,4,5,6,5,1,0,1,"gmm",0.883878686798773,0.0846298545656234,0.0076191193899822,147.078247456502
321,2,0.5,0.25,4,2,4,2,1,0,1,"hc_average",0.638792161794385,0.0939832752121127,0.00435785741454027,97.0900984894339
322,3,0.5,0.25,4,3,6,1,1,0,0,"gmm",0.351919784581865,0.103812962307953,0.00185957542820002,398.992784966714
323,4,0.5,0.25,4,3,5,1,0,0,0,"hc_average",0.255243331465587,NA,NA,557.167832500976
324,5,0.5,0.25,4,3,6,1,0,0,0,"hc_average",0.19465131215503,NA,NA,746.331930029622
325,2,0.75,0.25,4,2,3,2,1,0,1,"kmeans",0.908538676085297,0.0702424875063268,0.0219529230474066,33.0872634533337
326,3,0.75,0.25,4,3,5,3,1,0,1,"gmm",0.659985856412322,0.102721945355759,0.00900414030689619,191.754717430074
327,4,0.75,0.25,4,4,6,3,1,0,0,"kmeans",0.575183339368396,0.0556801208902161,0.01462278436242,481.794276675985
328,5,0.75,0.25,4,5,6,3,1,0,0,"gmm",0.378038192345911,0.137855216882805,0.000342141864578502,774.485634488015
329,2,1,0.25,4,2,5,2,1,0,1,"kmeans",0.986666519512823,0.0659950449229221,-0.0321166958289568,6.83360757276247
330,3,1,0.25,4,3,6,3,1,0,1,"pam",0.908489476364346,0.0809788855637501,0.000422644539397096,76.4292180966926
331,4,1,0.25,4,4,6,4,1,0,1,"hc_ward",0.806828132641275,0.0908930214264656,0.0114847466469835,216.073822208194
332,5,1,0.25,4,5,6,4,1,0,0,"gmm",0.572186538587291,0.0992987037546172,-0.0267678932545624,504.22245561699
333,2,1.25,0.25,4,2,3,2,1,0,1,"gmm",0.986666519512823,0.0975890082895933,-0.0087480267609573,1.3776481372231
334,3,1.25,0.25,4,3,6,3,1,0,1,"gmm",0.947343621730704,0.0922519360692381,0.0262371201460038,20.5513017085715
335,4,1.25,0.25,4,4,6,4,1,0,1,"gmm",0.858796359637354,0.0767888389453635,0.017344240384458,137.767987155435
336,5,1.25,0.25,4,5,6,5,1,0,1,"gmm",0.725312766139876,0.0834575259400239,-0.00218363176114357,314.042313083364
337,2,1.5,0.25,4,2,2,2,1,1,1,"kmeans",1,0.10735722934687,0.0340377545031546,0.0765323762036623
338,3,1.5,0.25,4,3,6,3,1,0,1,"kmeans",1,0.0739084425629472,0.0154317907544742,7.15105465041068
339,4,1.5,0.25,4,4,6,4,1,0,1,"pam",0.930158593098963,0.107347669204146,0.0199858045425719,46.6210462732851
340,5,1.5,0.25,4,5,6,5,1,0,1,"kmeans",0.871821508873825,0.0767841145263886,0.0127751470537605,164.982668175204
341,2,0.5,0.1,5,2,3,2,1,0,1,"pam",0.638797333373104,0.0660706032641252,0.000487946504039846,118.937953356211
342,3,0.5,0.1,5,3,3,1,1,1,0,"kmeans",0.419427617097978,0.095005624319943,-0.00559207230623747,404.786952490052
343,4,0.5,0.1,5,3,4,1,0,1,0,"hc_complete",0.273715580088545,NA,NA,606.691824912106
344,5,0.5,0.1,5,3,4,1,0,0,0,"gmm",0.227965045690622,NA,NA,800.519087382517
345,2,0.75,0.1,5,2,3,2,1,0,1,"hc_ward",0.947201193139448,0.0588643924284332,0.00568974796859538,16.2609117784253
346,3,0.75,0.1,5,3,4,3,1,0,1,"kmeans",0.744212367777995,0.0683632304601813,-0.00253242973398648,184.942314695232
347,4,0.75,0.1,5,4,4,4,1,1,1,"hc_ward",0.683269846980232,0.0679104350742791,0.00855186315875536,434.524835152422
348,5,0.75,0.1,5,5,5,3,1,1,0,"gmm",0.524445291023564,0.0757693663297275,-0.00701736229944323,836.231047039257
349,2,1,0.1,5,2,3,2,1,0,1,"pam",1,0.0315590376958928,-0.00503989157956254,3.26253617369159
350,3,1,0.1,5,3,4,3,1,0,1,"pam",0.902213987562274,0.0631696908606351,0.0379055393431314,68.0107890139042
351,4,1,0.1,5,4,5,4,1,0,1,"hc_complete",0.830196466764553,0.0503668964910358,0.0105783837949629,204.315937806028
352,5,1,0.1,5,5,6,5,1,0,1,"kmeans",0.698301637597166,0.0950218333478089,0.0403990440128737,456.913935641046
353,2,1.25,0.1,5,2,4,2,1,0,1,"gmm",1,0.0781810414163089,-0.00989301902168593,1.33454085746322
354,3,1.25,0.1,5,3,6,3,1,0,1,"pam",0.980112753008633,0.0627163784353009,-0.000243336820415692,19.0219409595304
355,4,1.25,0.1,5,4,5,4,1,0,1,"pam",0.908729148875333,0.0499369544400984,-0.00190104667234793,88.5708513965368
356,5,1.25,0.1,5,5,6,5,1,0,1,"gmm",0.813693009173268,0.0863436604132143,0.00907858741161385,285.533575230729
357,2,1.5,0.1,5,2,4,2,1,0,1,"kmeans",1,0.0535300199172994,-0.0285839847638121,0.00250263003047022
358,3,1.5,0.1,5,3,3,3,1,1,1,"kmeans",0.993325876599186,0.0533388740152055,0.0162615881244965,5.51431395427983
359,4,1.5,0.1,5,4,4,4,1,1,1,"hc_ward",0.964697529854425,0.0703510322625326,-0.00730127471219457,41.3485349884251
360,5,1.5,0.1,5,5,5,5,1,1,1,"pam",0.896340850144857,0.0769983203311753,-0.0154559205700219,140.756080792569
361,2,0.5,0.15,5,2,2,2,1,1,1,"gmm",0.761916579580552,0.0770493793905366,0.000613229096396173,95.4861565011333
362,3,0.5,0.15,5,3,4,1,1,0,0,"kmeans",0.553041755594284,0.101123262269779,0.00835180197234253,397.09094667426
363,4,0.5,0.15,5,3,5,1,0,0,0,"hc_average",0.23553590225889,NA,NA,508.980767313724
364,5,0.5,0.15,5,3,5,1,0,1,0,"gmm",0.25548067431262,NA,NA,738.521771174429
365,2,0.75,0.15,5,2,2,2,1,1,1,"hc_average",0.960267120019818,0.0533727274388228,0.00734095681100964,23.1616701972248
366,3,0.75,0.15,5,3,3,3,1,1,1,"kmeans",0.7979812422801,0.0953200410007236,0.0198622859983754,150.590731629022
367,4,0.75,0.15,5,4,5,4,1,0,1,"kmeans",0.608610830027878,0.0632851402786793,0.00572124303659633,415.206189137752
368,5,0.75,0.15,5,5,5,3,1,1,0,"hc_average",0.433316923195443,0.159503082107628,-0.0265929150351081,808.288141251992
369,2,1,0.15,5,2,4,2,1,0,1,"hc_ward",0.973422222222222,0.0685441952439847,0.0172807593296367,7.14252265124554
370,3,1,0.15,5,3,4,3,1,0,1,"hc_average",0.93417691150905,0.0899926321813821,-0.0327466966870021,65.0578685250229
371,4,1,0.15,5,4,6,4,1,0,1,"kmeans",0.81835003696864,0.0864948527870551,-0.00782585369558188,215.054255702488
372,5,1,0.15,5,5,6,5,1,0,1,"gmm",0.666290502838945,0.0804375537181299,0.000486300555657046,486.713750639206
373,2,1.25,0.15,5,2,2,2,1,1,1,"gmm",1,0.0930199284571067,-0.00174152039510019,1.53991022998842
374,3,1.25,0.15,5,3,4,3,1,0,1,"hc_ward",0.986696695759173,0.0693852503914058,-0.00707308628893512,22.3400909470516
375,4,1.25,0.15,5,4,6,4,1,0,1,"kmeans",0.900608077025193,0.0626126336124415,-0.009518056098745,96.7407111784194
376,5,1.25,0.15,5,5,6,5,1,0,1,"hc_ward",0.832989719550009,0.0782498317638573,0.00289170457770979,259.621359166861
377,2,1.5,0.15,5,2,2,2,1,1,1,"hc_complete",1,0.0523824268796217,-0.0431833833411465,0.000331358476399348
378,3,1.5,0.15,5,3,3,3,1,1,1,"gmm",0.993325876599186,0.0529169405013737,0.00759142176367011,4.89828878932619
379,4,1.5,0.15,5,4,6,4,1,0,1,"pam",0.97345242333633,0.0858971476031906,0.0105513529435455,45.4020999569996
380,5,1.5,0.15,5,5,6,5,1,0,1,"kmeans",0.884379368401032,0.0793638765801239,-0.00152188349652807,157.284258885811
381,2,0.5,0.2,5,2,3,2,1,0,1,"hc_average",0.638795394048439,0.0546952334736053,0.0163092051891654,123.517665516602
382,3,0.5,0.2,5,3,4,1,1,0,0,"hc_ward",0.44379613171116,0.0890144143210805,0.00850667160352198,418.653194760073
383,4,0.5,0.2,5,4,5,1,1,0,0,"hc_ward",0.301367049012514,0.110741522393221,0.0428600092978759,776.884011520753
384,5,0.5,0.2,5,4,5,1,0,1,0,"kmeans",0.201036889872168,NA,NA,930.422465644263
385,2,0.75,0.2,5,2,4,2,1,0,1,"kmeans",0.921336959679666,0.043103615267851,-0.0219891402815627,28.2486283074677
386,3,0.75,0.2,5,3,6,3,1,0,1,"gmm",0.758718672785911,0.0649875533725646,0.0142689513499551,166.548867573652
387,4,0.75,0.2,5,4,6,3,1,0,0,"gmm",0.501843093302085,0.128218078464685,-0.0173487260204083,477.563978755997
388,5,0.75,0.2,5,5,6,3,1,0,0,"pam",0.438684222735754,0.111183987495283,0.0115227587176519,849.295479428977
389,2,1,0.2,5,2,6,2,1,0,1,"hc_ward",0.947201224637599,0.0591852294209283,-0.0319574879275195,6.33711805174016
390,3,1,0.2,5,3,4,3,1,0,1,"hc_ward",0.897794461312866,0.0591608139955217,-0.0040211833282636,67.1786489910595
391,4,1,0.2,5,4,6,4,1,0,1,"pam",0.799118977585405,0.0909284593412009,0.000086450754878438,246.315832437126
392,5,1,0.2,5,5,6,4,1,0,0,"gmm",0.634600866170486,0.0863070210672852,0.00313807653442313,511.481525222368
393,2,1.25,0.2,5,2,2,2,1,1,1,"hc_ward",1,0.0837494119631879,-0.000019708440750707,1.40122053288088
394,3,1.25,0.2,5,3,5,3,1,0,1,"hc_ward",0.993325876599186,0.0511176768472311,0.0028080755717241,23.7257051830965
395,4,1.25,0.2,5,4,6,4,1,0,1,"kmeans",0.88361924774225,0.0946908841065251,-0.0117747412239103,98.7140247280756
396,5,1.25,0.2,5,5,6,5,1,0,1,"gmm",0.810543262504268,0.0907091900827235,-0.020778955373174,261.992253780202
397,2,1.5,0.2,5,2,5,2,1,0,1,"kmeans",1,0.0727530392649395,0.000881660887982922,0.178938013649798
398,3,1.5,0.2,5,3,5,3,1,0,1,"gmm",0.993325876599186,0.074258762513305,-0.0174159638712372,6.38469592712863
399,4,1.5,0.2,5,4,5,4,1,0,1,"kmeans",0.964759196304678,0.067261495389298,-0.000161708845262298,41.4563654082443
400,5,1.5,0.2,5,5,6,5,1,0,1,"pam",0.882091210021404,0.0801314396541498,0.00409749245561924,153.778181740514
401,2,0.5,0.25,5,2,5,2,1,0,1,"hc_average",0.761914875180481,0.0623497048761496,0.0228304994335843,86.045564256308
402,3,0.5,0.25,5,3,6,1,1,0,0,"hc_average",0.373541990211144,0.0956188323699195,0.0328628425204835,410.290516060309
403,4,0.5,0.25,5,4,6,1,1,0,0,"kmeans",0.234538564464009,0.220077931760499,-0.00276759227066166,694.707456115855
404,5,0.5,0.25,5,3,6,1,0,0,0,"gmm",0.206911713599966,NA,NA,747.45382798845
405,2,0.75,0.25,5,2,4,2,1,0,1,"pam",0.908538676085297,0.0656627914525867,0.0212343015793227,20.0244397986001
406,3,0.75,0.25,5,3,6,3,1,0,1,"kmeans",0.760966569078193,0.150486580361492,0.00849660986753132,199.543903106576
407,4,0.75,0.25,5,4,6,3,1,0,0,"hc_ward",0.574023986352172,0.0720697431587642,0.00792487087446348,467.07576011999
408,5,0.75,0.25,5,5,6,3,1,0,0,"hc_ward",0.405468431560835,0.11954862299734,0.0150347232191156,821.310695566285
409,2,1,0.25,5,2,4,2,1,0,1,"kmeans",0.986666519512823,0.0744713590895711,0.0377069440041305,8.77615910908444
410,3,1,0.25,5,3,4,3,1,0,1,"hc_ward",0.915445587869749,0.0984354017006826,0.0233117189120282,61.4508155375413
411,4,1,0.25,5,4,6,4,1,0,1,"kmeans",0.7818532402093,0.126501776234624,-0.0389275914417151,233.635003364462
412,5,1,0.25,5,5,6,5,1,0,1,"gmm",0.639735272312289,0.0960477808598674,0.0251663288098708,473.663602341849
413,2,1.25,0.25,5,2,3,2,1,0,1,"pam",0.986666519512823,0.112727721476917,-0.0146524771618085,1.31804366536738
414,3,1.25,0.25,5,3,6,3,1,0,1,"hc_ward",0.986696695759173,0.073273233478932,-0.00331472386621982,16.7201952707377
415,4,1.25,0.25,5,4,6,4,1,0,1,"kmeans",0.854662109560665,0.0590387783739959,0.00939817100233198,104.630788667163
416,5,1.25,0.25,5,5,6,5,1,0,1,"gmm",0.788283444928376,0.0831682482504172,0.011425418606438,267.621762081473
417,2,1.5,0.25,5,2,4,2,1,0,1,"kmeans",1,0.0798524970664587,-0.0186970402660053,0.0392779943541747
418,3,1.5,0.25,5,3,5,3,1,0,1,"gmm",0.960513296668765,0.10935190643292,-0.0115905291200937,11.7644330711339
419,4,1.5,0.25,5,4,6,4,1,0,1,"hc_complete",0.977859648626542,0.0846381727886937,-0.0168956790506623,41.0223624751541
420,5,1.5,0.25,5,5,6,5,1,0,1,"hc_ward",0.884693456720143,0.12313685893351,-0.0020231569369273,148.410267820402
