"true_K","kappa","sigma","lcmnl_BIC","lcmnl_C","mmnl_indep_BIC","mmnl_corr_BIC","bic_prefers"
1,0,0.15,11673.8441055909,1,11697.1259739136,11752.6538851492,"LCMNL"
1,0,0.25,11725.23894497,1,11713.3059912759,11759.0946451911,"MMNL_indep"
1,0,0.35,11716.6121574402,1,11677.4658574323,11728.2254585895,"MMNL_indep"
1,0,0.15,11783.6140574077,1,11809.2806635282,11863.5785059966,"LCMNL"
1,0,0.25,11631.3997526637,1,11620.2673579419,11668.1066712986,"MMNL_indep"
1,0,0.35,11841.3175717069,2,11790.9781550544,11835.6581675909,"MMNL_indep"
2,0.75,0.15,11051.7679712036,2,11505.3598284733,11189.7611318855,"LCMNL"
3,0.75,0.15,17185.6618718808,3,17491.7442770962,17297.9057852959,"LCMNL"
2,1,0.15,10457.9183786303,2,11099.5525045602,10623.0656391725,"LCMNL"
3,1,0.15,16420.2425883855,3,17226.4054881541,16702.4114076757,"LCMNL"
2,0.75,0.25,11159.8317488475,2,11505.2046103567,11249.7818488723,"LCMNL"
3,0.75,0.25,17208.7656082952,3,17418.1633886019,17234.1978105377,"LCMNL"
2,1,0.25,10643.9652836096,2,11195.1763496081,10766.5937591352,"LCMNL"
3,1,0.25,16310.4933419426,3,16988.0615228612,16577.4492103187,"LCMNL"
2,0.75,0.15,11092.2115436823,2,11527.6981736019,11216.8133705634,"LCMNL"
3,0.75,0.15,17035.7303204679,3,17406.2055229902,17173.9485202268,"LCMNL"
2,1,0.15,10560.6449666958,2,11261.3751924934,10767.6107829388,"LCMNL"
3,1,0.15,16547.1919494283,3,17257.8155690555,16847.0349812095,"LCMNL"
2,0.75,0.25,11238.2811874608,2,11618.7655037784,11350.3950446873,"LCMNL"
3,0.75,0.25,17185.0344364813,3,17354.4602541692,17212.008500343,"LCMNL"
2,1,0.25,10446.0418544668,2,11097.5630377231,10635.7544731767,"LCMNL"
3,1,0.25,16389.5643574709,3,17032.4969568937,16609.7795428279,"LCMNL"
