"true_K","kappa","sigma","mnl_BIC","lcmnl_BIC","lcmnl_C","lcmnl_method","mmnl_BIC","bic_prefers"
1,0,0.15,11673.8441055909,11704.489461566,2,"hc_complete",11697.1259739136,"MNL"
1,0,0.25,11725.23894497,11731.7735113126,2,"hc_ward",11713.3059912759,"MMNL"
1,0,0.35,11716.6121574402,11724.780990232,2,"hc_ward",11677.4658574323,"MMNL"
1,0,0.15,11783.6140574077,11816.8044207044,2,"gmm",11809.2806635282,"MNL"
1,0,0.25,11631.3997526637,11641.9477508443,2,"kmeans",11620.2673579419,"MMNL"
1,0,0.35,11848.8234579449,11841.3175717069,2,"pam",11790.9781550544,"MMNL"
1,0,0.15,11779.8296168046,11810.0112337682,2,"gmm",11803.202111581,"MNL"
1,0,0.25,11803.2265636183,11807.6533695525,2,"kmeans",11796.4792058921,"MMNL"
1,0,0.35,11688.9735378402,11702.0521751676,2,"hc_complete",11662.5525395789,"MMNL"
2,0.75,0.15,12062.9116986306,11051.7679712036,2,"hc_complete",11505.3598284733,"LCMNL"
3,0.75,0.15,17954.1400567348,17185.6618718808,3,"kmeans",17491.7442770962,"LCMNL"
4,0.75,0.15,23924.6211665984,22970.6514928554,4,"hc_complete",23230.7417406083,"LCMNL"
2,1,0.15,12209.5893938571,10457.9183786303,2,"gmm",11099.5525045602,"LCMNL"
3,1,0.15,18247.388465357,16420.2425883855,3,"hc_average",17226.4054881541,"LCMNL"
4,1,0.15,24227.1003746373,22030.4553607344,4,"hc_complete",22762.367568828,"LCMNL"
2,1.25,0.15,12346.2367700582,9783.25483901406,2,"kmeans",10697.4857271064,"LCMNL"
3,1.25,0.15,18396.5732961942,15425.6891840786,3,"hc_average",16598.1983027066,"LCMNL"
4,1.25,0.15,24439.383852636,20909.353708057,4,"hc_average",22150.9450238894,"LCMNL"
2,0.75,0.25,12137.6263276244,11159.8317488475,2,"kmeans",11505.2046103567,"LCMNL"
3,0.75,0.25,18022.7493008071,17208.7656082952,3,"hc_ward",17418.1633886019,"LCMNL"
4,0.75,0.25,24012.426397233,22927.1937154558,4,"hc_average",23222.1840942274,"LCMNL"
2,1,0.25,12219.4619079826,10643.9652836096,2,"pam",11195.1763496081,"LCMNL"
3,1,0.25,18211.4930199168,16310.4933419426,3,"kmeans",16988.0615228612,"LCMNL"
4,1,0.25,24265.3183072606,21917.5773393304,4,"pam",22646.8573122621,"LCMNL"
2,1.25,0.25,12432.4700373924,9987.84403986923,2,"kmeans",10806.2940268904,"LCMNL"
3,1.25,0.25,18496.4340478033,15325.427721797,3,"hc_complete",16398.999086052,"LCMNL"
4,1.25,0.25,24654.7034291878,21200.907741799,4,"hc_complete",22211.0863117453,"LCMNL"
2,0.75,0.15,12060.0248971963,11092.2115436823,2,"hc_complete",11527.6981736019,"LCMNL"
3,0.75,0.15,18000.5533445859,17035.7303204679,3,"pam",17406.2055229902,"LCMNL"
4,0.75,0.15,24044.3976727135,23170.0813872098,4,"hc_complete",23452.6099649017,"LCMNL"
2,1,0.15,12241.909751816,10560.6449666958,2,"hc_average",11261.3751924934,"LCMNL"
3,1,0.15,18249.8596413137,16547.1919494283,3,"hc_average",17257.8155690555,"LCMNL"
4,1,0.15,24147.984376983,22133.0141904511,4,"hc_average",22896.9759110712,"LCMNL"
2,1.25,0.15,12327.6468485916,9809.00884669221,2,"hc_average",10738.9970769042,"LCMNL"
3,1.25,0.15,18366.7227885226,15418.7607571962,3,"hc_average",16538.7624433022,"LCMNL"
4,1.25,0.15,24547.4035361161,21172.8520076805,4,"hc_complete",22392.3104576372,"LCMNL"
2,0.75,0.25,12042.8351043593,11238.2811874608,2,"hc_complete",11618.7655037784,"LCMNL"
3,0.75,0.25,17955.1283034769,17185.0344364813,3,"pam",17354.4602541692,"LCMNL"
4,0.75,0.25,23972.8921445974,22840.447484665,4,"hc_complete",23074.2247074267,"LCMNL"
2,1,0.25,12122.8117689805,10446.0418544668,2,"gmm",11097.5630377231,"LCMNL"
3,1,0.25,18162.7931663222,16389.5643574709,3,"hc_average",17032.4969568937,"LCMNL"
4,1,0.25,24246.3070491982,22001.8916040424,4,"hc_average",22726.674054123,"LCMNL"
2,1.25,0.25,12345.4264625304,9835.46391144305,2,"kmeans",10740.6829730323,"LCMNL"
3,1.25,0.25,18522.9566155398,15760.5054959557,3,"hc_complete",16745.2938235831,"LCMNL"
4,1.25,0.25,24668.1483622618,21193.4936655499,4,"hc_average",22321.9049548879,"LCMNL"
2,0.75,0.15,12042.5958088475,11071.5456878469,2,"kmeans",11508.5443932012,"LCMNL"
3,0.75,0.15,17817.1379262466,16818.2005442738,3,"hc_average",17223.4614717752,"LCMNL"
4,0.75,0.15,23922.6563629456,22819.2678955322,4,"hc_complete",23214.2729773761,"LCMNL"
2,1,0.15,12095.7120223598,10429.2367479698,2,"hc_average",11153.8172872772,"LCMNL"
3,1,0.15,18341.8474125422,16444.8604145712,3,"hc_ward",17243.6162875778,"LCMNL"
4,1,0.15,24347.7606806467,22293.3357600556,4,"hc_ward",22902.2496383738,"LCMNL"
2,1.25,0.15,12306.0732801736,9641.97943197572,2,"kmeans",10653.726804092,"LCMNL"
3,1.25,0.15,18249.9087694601,15269.1897792567,3,"hc_average",16433.8522573667,"LCMNL"
4,1.25,0.15,24658.2047828118,20960.4388192879,4,"hc_average",22209.491061992,"LCMNL"
2,0.75,0.25,12050.0097424923,11178.7924370755,2,"hc_complete",11538.6460745753,"LCMNL"
3,0.75,0.25,17976.6795000825,17098.4433978688,3,"hc_ward",17385.142607182,"LCMNL"
4,0.75,0.25,24059.5579599949,23024.2640423663,4,"hc_ward",23217.067572632,"LCMNL"
2,1,0.25,12144.1314570872,10599.2964691817,2,"hc_average",11125.6308015893,"LCMNL"
3,1,0.25,18265.3419147143,16393.2278797558,3,"hc_complete",17007.3717433533,"LCMNL"
4,1,0.25,24201.6678197964,22210.7263000209,4,"hc_average",22869.7387449166,"LCMNL"
2,1.25,0.25,12380.1066055057,9792.69522777658,2,"gmm",10651.1312681639,"LCMNL"
3,1.25,0.25,18469.6084552509,15582.5553933502,3,"gmm",16547.3975867079,"LCMNL"
4,1.25,0.25,24510.0124636732,20814.780314352,4,"hc_average",21943.4718869786,"LCMNL"
