"C","class","share","b_time","se_time","b_headway","se_headway","b_cost","se_cost","asc_train","asc_sm","vtt_chf_h","vtt_se","wrong_sign","LL","BIC"
4,1,0.4004477551759,-4.33095945190859,0.541181186057235,-1.94532716425729,0.743247690343346,-2.89877542900478,0.28509624998778,-1.8237061700852,-1.11233027819867,89.6439111889846,13.3497003260295,FALSE,-3783.53400621938,7719.3909478896
4,2,0.112208137217933,-2.36191601813123,0.392075290207007,-2.43239742000969,1.64130026300817,-1.11372814856728,0.354248292634442,-2.99673229876532,-3.37011054095848,127.243763453567,36.181390774,FALSE,-3783.53400621938,7719.3909478896
4,3,0.339994898080301,-4.11614945631491,0.455055975398148,-0.787360074314703,1.00439626431116,-3.22646911476147,0.323061899125441,0.0856823562379218,2.05202868060139,76.5446556574748,7.72697164990347,FALSE,-3783.53400621938,7719.3909478896
4,4,0.147349209525866,0.0898325429726037,0.0879009473650018,-2.3045565533534,0.80982021317907,-0.160614544123151,0.228298855800959,2.21673168361273,1.96734233566211,-33.5583094780226,62.9787800188165,TRUE,-3783.53400621938,7719.3909478896
5,1,0.334343638013715,-5.51223021813449,1.08558426288097,-1.12749353812782,0.780456493433666,-1.30426535976032,0.35211781458909,-2.46717351462106,-1.84457644347937,253.578622335601,64.040459783565,FALSE,-3703.53889961147,7599.13715261749
5,2,0.0975702218115342,-0.207880069393941,0.170667918777734,-0.326208423904992,1.41741731935078,-0.445267170293857,0.218334129684323,2.19678344874105,2.79816029165342,28.011955508431,24.1949191126972,FALSE,-3703.53889961147,7599.13715261749
5,3,0.1190188299608,-2.43913357117301,0.322593639723801,-3.19602642123844,1.21500878259423,-1.04541029644229,0.281273904443593,-2.94567955760703,-3.18482313547455,139.990982266415,36.1608192703476,FALSE,-3703.53889961147,7599.13715261749
5,4,0.365718208884655,-2.73310580630812,0.467189169188406,-1.12138291530815,1.07823562933252,-4.38031848156996,0.664568453273111,-0.577044841630403,1.98588304716482,37.4370834149284,4.66835526723583,FALSE,-3703.53889961147,7599.13715261749
5,5,0.0833491013292955,0.0254455549139696,0.0559911732349321,-4.28187398334723,1.84054373202624,-3.19868765226609,0.90557407309288,1.57534403721653,0.515146414219149,-0.477299899462385,1.09809142066645,TRUE,-3703.53889961147,7599.13715261749
