"K","kappa","sigma","rep","clust_LL","best_rand_LL","n_converged","n_at_optimum","n_local","match_at","rand_beats","t_clust","t_rand"
3,0.5,0.15,1,-8655.14864376594,-8655.14864511202,50,1,49,5,FALSE,2.428,21.453
4,0.5,0.15,1,-11615.9241922097,-11615.9241951827,50,1,49,16,FALSE,5.041,43.551
5,0.5,0.15,1,-14415.2930153682,-14412.0580096833,50,0,49,40,TRUE,11.807,82.508
3,0.75,0.15,1,-8522.57458855958,-8522.57458855956,50,11,39,2,FALSE,1.65800000000002,23.159
4,0.75,0.15,1,-11386.1733353131,-11386.1733353091,50,9,41,5,FALSE,3.863,52.934
5,0.75,0.15,1,-14313.4747658478,-14313.4747661609,50,2,48,6,FALSE,10.36,83.828
3,1,0.15,1,-8139.86494571479,-8139.86494571478,50,13,37,13,FALSE,1.64400000000001,21.612
4,1,0.15,1,-10916.0752703108,-10916.0752703105,50,10,40,4,FALSE,3.35600000000005,50.835
5,1,0.15,1,-13712.7433625089,-13712.74336246,50,3,47,20,FALSE,7.77499999999998,82.746
3,0.5,0.25,1,-8677.05736617823,-8677.0573661782,50,6,44,5,FALSE,2.77999999999997,21.179
4,0.5,0.25,1,-11663.3918957688,-11663.391895731,50,4,46,11,FALSE,4.90599999999995,53.2149999999999
5,0.5,0.25,1,-14647.3732529016,-14652.594633866,50,0,50,NA,FALSE,14.303,89.8870000000001
3,0.75,0.25,1,-8534.12645629812,-8534.1264562978,50,13,37,3,FALSE,1.88400000000001,22.8660000000001
4,0.75,0.25,1,-11364.4444475917,-11364.4444475929,50,5,45,1,FALSE,3.76800000000003,49.376
5,0.75,0.25,1,-14239.6007245332,-14239.6007245943,50,2,48,5,FALSE,9.23300000000006,93.6510000000001
3,1,0.25,1,-8084.99032281147,-8084.99032281142,50,17,33,2,FALSE,1.55399999999997,20.699
4,1,0.25,1,-10859.636256551,-10859.6362565573,50,5,45,9,FALSE,3.71999999999991,45.755
5,1,0.25,1,-13726.4084551822,-13726.4084551853,50,4,46,5,FALSE,9.65199999999993,97.0540000000001
3,0.5,0.15,2,-8718.99049801273,-8718.99049800117,50,2,48,1,FALSE,1.92700000000013,20.857
4,0.5,0.15,2,-11563.0330710914,-11563.0330712646,50,1,49,41,FALSE,5.71900000000005,45.4560000000001
5,0.5,0.15,2,-14639.1265614779,-14640.885613047,50,0,50,NA,FALSE,11.1700000000001,96.2830000000001
3,0.75,0.15,2,-8447.60881196263,-8447.60881196261,50,5,45,11,FALSE,1.60200000000009,24.019
4,0.75,0.15,2,-11485.8882834019,-11485.8882834306,50,3,47,1,FALSE,3.61699999999996,47.711
5,0.75,0.15,2,-14197.866782469,-14222.4986965217,50,0,50,NA,FALSE,9.21100000000001,82.531
3,1,0.15,2,-8203.33962730925,-8203.33962730924,50,18,32,6,FALSE,1.55999999999995,21.24
4,1,0.15,2,-10967.3546851243,-10967.3546851329,50,6,44,21,FALSE,4.31700000000001,46.1960000000001
5,1,0.15,2,-13744.3052289052,-13744.3052289311,50,2,48,11,FALSE,8.56899999999996,89.644
3,0.5,0.25,2,-8664.79754727756,-8664.79754726816,50,9,41,2,FALSE,2.29199999999992,24.6419999999998
4,0.5,0.25,2,-11681.427403245,-11681.4274032189,50,1,49,8,FALSE,5.11400000000003,49.4449999999999
5,0.5,0.25,2,-14571.618905637,-14572.2118779784,50,0,50,NA,FALSE,13.7860000000001,92.1100000000001
3,0.75,0.25,2,-8522.26087028831,-8522.26087028674,50,8,42,24,FALSE,1.77500000000009,22.3870000000002
4,0.75,0.25,2,-11321.0713293011,-11321.0713293087,50,6,44,2,FALSE,3.81600000000003,49.635
5,0.75,0.25,2,-14251.9104892666,-14266.8613917713,50,0,50,NA,FALSE,9.74900000000002,87.954
3,1,0.25,2,-8124.52583123218,-8124.52583123222,50,10,40,5,FALSE,1.75099999999998,20.7069999999999
4,1,0.25,2,-10901.7933917584,-10901.7933917576,50,11,39,8,FALSE,3.76400000000012,47.067
5,1,0.25,2,-13776.4408527824,-13776.440852782,50,3,47,14,FALSE,9.7059999999999,89.3459999999998
